{"fitness": [1e-06, 85.4825471035353, 1e-06, 92.24704041507837, 1e-06, 48.68679402095821, 1e-06, 12.216174817670263, 1e-06, 1e-06, 1e-06, 1e-06, 1e-06, 84.43614447346788, 1e-06, 1e-06, 1e-06, 1e-06, 1e-06, 12.225448454455591, 1e-06, 1e-06, 1e-06, 1e-06, 1e-06, 1e-06, 1e-06, 1e-06, 1e-06, 1e-06, 1e-06, 1e-06, 1e-06, 1e-06, 21.624721592315836, 39.52353644806849, 1e-06, 1e-06, 1e-06, 75.20394224923463, 1e-06, 1e-06, 85.62385026742616, 1e-06, 1e-06, 91.77237888630937, 1e-06, 48.20394224923463, 1e-06, 1e-06, 1e-06, 1e-06, 1e-06, 1e-06, 1e-06, 86.06246192029869, 1e-06, 1e-06, 21.299556426609314, 85.62385026742616, 12.228558876869984, 1e-06, 1e-06, 87.72700044143625, 1e-06, 1e-06, 1e-06, 1e-06, 1e-06, 1e-06, 83.60695546585757, 87.72700044143625, 1e-06, 1e-06, 1e-06, 91.77237888630937, 1e-06, 87.72700044143625, 1e-06, 1e-06, 1e-06, 12.225448454455591, 1e-06, 66.21617481767026, 89.92353644806849, 1e-06, 12.225448454455591, 1e-06, 1e-06, 12.216174817670263, 1e-06, 1e-06, 30.20394224923463, 1e-06, 1e-06, 1e-06, 1e-06, 1e-06, 1e-06, 39.45482255552044], "player_life": [0, 10, 0, 78, 0, 0, 0, 0, 0, 0, 0, 0, 0, 10, 0, 0, 0, 0, 0, 0, 0, 0, 0, 0, 0, 0, 0, 0, 0, 0, 0, 0, 0, 0, 0, 0, 0, 0, 0, 0, 0, 0, 8, 0, 0, 74, 0, 0, 0, 0, 0, 0, 0, 0, 0, 14, 0, 0, 0, 8, 0, 0, 0, 30, 0, 0, 0, 0, 0, 0, 2, 30, 0, 0, 0, 74, 0, 30, 0, 0, 0, 0, 0, 0, 54, 0, 0, 0, 0, 0, 0, 0, 0, 0, 0, 0, 0, 0, 0, 0], "enemy_life": [100, 0, 100, 0, 100, 40.0, 100, 80.0, 100, 100, 100, 100, 100, 0, 100, 100, 100, 100, 100, 80.0, 100, 100, 100, 100, 100, 100, 100, 100, 100, 100, 100, 100, 100, 100, 70.0, 50.0, 100, 100, 100, 10.0, 100, 100, 0, 100, 100, 0, 100, 40.0, 100, 100, 100, 100, 100, 100, 100, 0, 100, 100, 70.0, 0, 80.0, 100, 100, 0, 100, 100, 100, 100, 100, 100, 0, 0, 100, 100, 100, 0, 100, 0, 100, 100, 100, 80.0, 100, 20.0, 0, 100, 80.0, 100, 100, 80.0, 100, 100, 60.0, 100, 100, 100, 100, 100, 100, 50.0], "game_time": [360, 249, 329, 258, 329, 203, 162, 325, 329, 329, 329, 361, 360, 709, 329, 546, 325, 329, 347, 322, 253, 253, 322, 329, 325, 327, 320, 327, 329, 325, 325, 329, 329, 329, 216, 239, 329, 325, 253, 329, 253, 329, 177, 325, 203, 278, 329, 329, 743, 360, 329, 329, 360, 329, 323, 208, 325, 329, 299, 177, 321, 230, 360, 195, 164, 314, 325, 381, 256, 253, 730, 195, 371, 325, 365, 278, 325, 195, 360, 311, 203, 322, 334, 325, 239, 253, 322, 199, 329, 325, 325, 376, 329, 253, 325, 325, 325, 329, 157, 256]}
{"fitness": [92.24704041507837, 48.20394224923463, 85.4825471035353, 85.62385026742616, 91.77237888630937, 89.92353644806849, 91.77237888630937, 84.43614447346788, 91.77237888630937, 87.67212383121041, 91.17237888630936, 87.72700044143625, 87.72700044143625, 85.62385026742616, 85.62385026742616, 87.67212383121041, 87.64704041507838, 85.62385026742616, 39.20394224923463, 87.72700044143625, 30.686794020958214, 91.77237888630937, 49.435651808532164, 91.77237888630937, 87.72700044143625, 12.691732302598794, 87.72700044143625, 87.72700044143625, 21.00106343805332, 49.435651808532164, 86.42385026742616, 83.60695546585757, 85.62385026742616, 29.697381024255094, 75.20394224923463, 39.52353644806849, 91.77237888630937, 86.06246192029869, 91.77237888630937, 91.77237888630937, 87.64704041507838, 85.62385026742616, 66.21617481767026, 29.697381024255094, 86.42385026742616, 12.225448454455591, 87.72700044143625, 39.45482255552044, 39.45482255552044, 91.17237888630936, 91.77237888630937, 39.45482255552044, 30.20394224923463, 39.45482255552044, 12.225448454455591, 39.20394224923463, 91.77237888630937, 87.72700044143625, 66.5489615464343, 39.45482255552044, 87.72700044143625, 91.77237888630937, 66.5489615464343, 12.691732302598794, 91.77237888630937, 30.686794020958214, 12.216174817670263, 30.20394224923463, 48.68679402095821, 30.20394224923463, 30.20394224923463, 30.20394224923463, 21.624721592315836, 30.28626719449063, 30.20394224923463, 30.20394224923463, 21.299556426609314, 3.203942249234628, 12.228558876869984, 21.00106343805332, 2.697381024255095, 30.28626719449063, 12.216174817670263, 12.225448454455591, 3.203942249234628, 2.697381024255095, 1e-06, 1e-06, 1e-06, 1e-06, 1e-06, 1e-06, 1e-06, 1e-06, 1e-06, 1e-06, 1e-06, 1e-06, 1e-06, 1e-06], "player_life": [78, 0, 10, 8, 0, 54, 74, 10, 74, 30, 68, 30, 0, 0, 0, 10, 32, 8, 0, 30, 0, 74, 0, 0, 30, 0, 0, 0, 30, 0, 0, 2, 8, 0, 0, 0, 0, 14, 74, 74, 16, 8, 0, 0, 16, 0, 30, 0, 0, 0, 74, 0, 0, 0, 0, 0, 74, 30, 0, 0, 30, 0, 0, 0, 0, 0, 0, 0, 0, 0, 0, 0, 0, 0, 0, 0, 0, 0, 0, 0, 0, 0, 0, 0, 30, 0, 0, 0, 0, 0, 0, 0, 0, 0, 0, 0, 0, 0, 0, 74], "enemy_life": [0, 40.0, 0, 0, 90.0, 0, 0, 0, 0, 0, 0, 0, 90.0, 100, 50.0, 0, 0, 0, 50.0, 0, 60.0, 0, 100, 90.0, 0, 100, 100, 100, 0, 40.0, 100, 0, 0, 60.0, 10.0, 50.0, 10.0, 0, 0, 0, 0, 0, 20.0, 50.0, 0, 80.0, 0, 50.0, 90.0, 60.0, 0, 50.0, 60.0, 50.0, 80.0, 50.0, 0, 0, 100, 50.0, 0, 60.0, 20.0, 80.0, 80.0, 100, 80.0, 60.0, 40.0, 60.0, 100, 60.0, 70.0, 60.0, 60.0, 90.0, 70.0, 90.0, 80.0, 70.0, 90.0, 80.0, 80.0, 80.0, 0, 60.0, 100, 100, 100, 100, 100, 100, 100, 100, 100, 100, 100, 100, 100, 0], "game_time": [258, 329, 249, 177, 219, 239, 278, 709, 278, 206, 278, 195, 381, 329, 239, 195, 258, 177, 329, 195, 203, 278, 379, 207, 195, 381, 325, 325, 195, 96, 360, 730, 177, 546, 329, 239, 253, 208, 278, 278, 249, 177, 325, 546, 177, 322, 195, 256, 355, 556, 278, 256, 329, 256, 322, 256, 278, 195, 325, 256, 195, 329, 233, 202, 325, 329, 325, 329, 203, 329, 308, 290, 216, 303, 329, 325, 299, 329, 321, 403, 546, 322, 325, 322, 195, 216, 325, 256, 320, 314, 329, 104, 329, 256, 334, 253, 325, 329, 347, 278]}
{"fitness": [92.24704041507837, 85.62385026742616, 85.4825471035353, 91.77237888630937, 87.72700044143625, 86.01261419415926, 12.225448454455591, 85.62385026742616, 91.77237888630937, 91.77237888630937, 86.01261419415926, 48.3062678611973, 39.20394224923463, 86.06246192029869, 87.72700044143625, 30.20394224923463, 56.400129500787166, 83.60695546585757, 87.72700044143625, 85.62385026742616, 30.28626719449063, 48.94375419465169, 85.62385026742616, 39.45482255552044, 87.67212383121041, 87.72700044143625, 87.72700044143625, 21.00106343805332, 87.72700044143625, 91.77237888630937, 85.62385026742616, 87.64704041507838, 91.17237888630936, 30.20394224923463, 91.77237888630937, 39.45482255552044, 87.72700044143625, 75.68679402095822, 87.58936470590373, 39.52353644806849, 91.17237888630936, 12.225448454455591, 30.686794020958214, 87.72700044143625, 39.45482255552044, 91.77237888630937, 30.85833644349734, 39.45482255552044, 87.67212383121041, 66.5489615464343, 85.62385026742616, 91.77237888630937, 87.64704041507838, 91.77237888630937, 30.20394224923463, 86.42385026742616, 91.77237888630937, 29.697381024255094, 91.77237888630937, 30.20394224923463, 85.62385026742616, 87.72700044143625, 30.20394224923463, 39.45482255552044, 39.45482255552044, 48.94375419465169, 85.62385026742616, 86.42385026742616, 30.85833644349734, 58.00278772623589, 85.62385026742616, 12.225448454455591, 48.68679402095821, 30.20394224923463, 56.400129500787166, 39.20394224923463, 30.20394224923463, 49.435651808532164, 49.435651808532164, 91.77237888630937, 91.77237888630937, 87.58936470590373, 39.45482255552044, 89.92353644806849, 66.5489615464343, 87.72700044143625, 30.20394224923463, 87.72700044143625, 39.45482255552044, 30.20394224923463, 12.912403664767616, 30.686794020958214, 48.3062678611973, 21.00106343805332, 84.43614447346788, 30.20394224923463, 12.225448454455591, 91.77237888630937, 30.20394224923463, 91.77237888630937], "player_life": [78, 8, 10, 74, 0, 0, 0, 8, 0, 0, 12, 0, 0, 14, 30, 0, 0, 2, 0, 8, 0, 0, 8, 0, 10, 30, 30, 0, 30, 0, 8, 16, 0, 0, 74, 0, 30, 0, 26, 0, 68, 0, 0, 0, 0, 74, 0, 0, 30, 0, 78, 74, 32, 0, 0, 16, 74, 0, 74, 0, 0, 30, 0, 0, 0, 0, 8, 0, 0, 0, 0, 0, 0, 0, 0, 0, 0, 0, 0, 0, 74, 0, 0, 54, 0, 0, 0, 30, 0, 0, 0, 0, 0, 30, 10, 0, 0, 0, 0, 74], "enemy_life": [0, 0, 0, 0, 100, 100, 70.0, 0, 90.0, 10.0, 0, 100, 50.0, 0, 0, 100, 30.0, 0, 100, 0, 80.0, 100, 0, 50.0, 0, 0, 0, 70.0, 0, 100, 0, 0, 60.0, 100, 0, 90.0, 0, 10.0, 0, 50.0, 0, 80.0, 60.0, 90.0, 50.0, 0, 60.0, 50.0, 0, 20.0, 0, 0, 0, 60.0, 100, 0, 0, 50.0, 0, 90.0, 100, 0, 60.0, 50.0, 50.0, 40.0, 0, 100, 100, 100, 100, 80.0, 40.0, 60.0, 80.0, 50.0, 60.0, 100, 40.0, 80.0, 0, 70.0, 50.0, 0, 100, 100, 60.0, 0, 100, 100, 80.0, 100, 40.0, 0, 0, 100, 100, 90.0, 60.0, 0], "game_time": [258, 177, 249, 278, 329, 325, 231, 177, 207, 253, 179, 325, 256, 208, 195, 308, 735, 730, 325, 177, 322, 325, 177, 256, 195, 195, 195, 403, 195, 219, 177, 249, 556, 319, 278, 325, 195, 203, 150, 239, 278, 322, 203, 381, 256, 278, 171, 256, 206, 233, 288, 278, 258, 329, 325, 177, 278, 546, 278, 325, 329, 195, 329, 256, 256, 157, 177, 360, 325, 325, 329, 322, 203, 290, 325, 329, 329, 379, 96, 325, 278, 720, 256, 239, 325, 325, 329, 195, 329, 326, 162, 329, 297, 195, 709, 325, 325, 219, 329, 278]}
{"fitness": [92.24704041507837, 91.77237888630937, 85.62385026742616, 87.72700044143625, 48.68679402095821, 21.244257786413087, 39.45482255552044, 91.77237888630937, 57.768891383145416, 57.62010264645954, 91.17237888630936, 83.60695546585757, 87.72700044143625, 91.77237888630937, 30.20394224923463, 85.62385026742616, 12.225448454455591, 85.62385026742616, 86.01261419415926, 85.4825471035353, 89.92353644806849, 85.62385026742616, 87.72700044143625, 49.435651808532164, 56.400129500787166, 87.72700044143625, 87.64704041507838, 85.62385026742616, 87.72700044143625, 91.77237888630937, 91.77237888630937, 48.3062678611973, 87.67212383121041, 84.43614447346788, 87.72700044143625, 39.45482255552044, 91.77237888630937, 86.42385026742616, 30.20394224923463, 66.5489615464343, 91.77237888630937, 30.20394224923463, 39.45482255552044, 49.435651808532164, 87.72700044143625, 85.62385026742616, 30.686794020958214, 87.72700044143625, 85.62385026742616, 87.58936470590373, 85.62385026742616, 87.64704041507838, 12.615504937210911, 39.45482255552044, 56.400129500787166, 84.8825471035353, 91.77237888630937, 86.01261419415926, 39.45482255552044, 91.77237888630937, 12.615504937210911, 91.77237888630937, 87.67212383121041, 66.5489615464343, 85.62385026742616, 91.77237888630937, 91.17237888630936, 39.45482255552044, 91.77237888630937, 30.20394224923463, 87.72700044143625, 30.20394224923463, 85.62385026742616, 39.20394224923463, 30.20394224923463, 85.62385026742616, 83.40832626799134, 91.77237888630937, 91.77237888630937, 39.45482255552044, 86.42385026742616, 87.72700044143625, 39.52353644806849, 91.77237888630937, 21.00106343805332, 85.62385026742616, 84.8825471035353, 86.06246192029869, 30.28626719449063, 30.85833644349734, 39.45482255552044, 75.68679402095822, 83.40832626799134, 87.72700044143625, 12.210039829102747, 58.00278772623589, 12.216174817670263, 30.20394224923463, 85.62385026742616, 30.20394224923463], "player_life": [78, 74, 8, 30, 0, 0, 0, 0, 0, 0, 68, 2, 0, 74, 0, 2, 0, 0, 12, 10, 54, 8, 30, 0, 0, 30, 16, 8, 0, 0, 0, 0, 10, 10, 0, 0, 74, 0, 0, 0, 74, 0, 0, 0, 0, 8, 0, 30, 8, 0, 0, 32, 0, 0, 0, 4, 74, 0, 0, 74, 0, 0, 30, 0, 8, 0, 0, 0, 74, 0, 30, 0, 0, 0, 0, 78, 0, 74, 0, 0, 16, 0, 0, 74, 30, 8, 40, 14, 0, 0, 0, 0, 0, 30, 0, 0, 0, 8, 8, 0], "enemy_life": [0, 0, 0, 0, 40.0, 100, 70.0, 80.0, 30.0, 30.0, 0, 0, 100, 0, 100, 0, 80.0, 100, 0, 0, 0, 0, 0, 100, 30.0, 0, 0, 0, 100, 100, 100, 40.0, 0, 0, 100, 50.0, 0, 100, 60.0, 20.0, 0, 100, 50.0, 40.0, 90.0, 0, 60.0, 0, 0, 70.0, 100, 0, 100, 90.0, 80.0, 0, 0, 100, 100, 0, 80.0, 10.0, 0, 100, 0, 90.0, 60.0, 50.0, 0, 100, 0, 100, 80.0, 50.0, 60.0, 0, 0, 0, 90.0, 50.0, 0, 100, 50.0, 0, 0, 0, 0, 0, 80.0, 100, 50.0, 10.0, 100, 0, 100, 100, 80.0, 0, 0, 60.0], "game_time": [258, 278, 177, 195, 203, 329, 238, 325, 187, 217, 278, 730, 325, 278, 325, 278, 322, 329, 179, 249, 239, 177, 195, 379, 735, 195, 249, 177, 325, 325, 219, 297, 195, 709, 325, 256, 278, 360, 329, 233, 278, 308, 256, 96, 381, 177, 203, 195, 177, 720, 351, 258, 331, 325, 325, 249, 278, 325, 329, 278, 218, 253, 206, 325, 177, 207, 556, 256, 278, 319, 195, 325, 322, 256, 329, 288, 729, 278, 219, 256, 177, 329, 239, 278, 195, 177, 147, 208, 322, 325, 256, 203, 329, 195, 325, 325, 325, 177, 177, 329]}
{"fitness": [92.24704041507837, 91.77237888630937, 85.62385026742616, 89.92353644806849, 91.77237888630937, 21.244257786413087, 57.768891383145416, 87.72700044143625, 85.62385026742616, 91.77237888630937, 84.43614447346788, 87.64704041507838, 56.400129500787166, 30.969562078607566, 91.77237888630937, 85.62385026742616, 91.77237888630937, 30.20394224923463, 85.62385026742616, 87.72700044143625, 87.72700044143625, 86.42385026742616, 87.93740496697303, 91.17237888630936, 12.615504937210911, 88.41639337829167, 39.45482255552044, 85.62385026742616, 87.72700044143625, 91.77237888630937, 91.77237888630937, 30.20394224923463, 39.062463794917576, 58.00278772623589, 85.62385026742616, 88.41639337829167, 85.62385026742616, 39.45482255552044, 91.77237888630937, 91.77237888630937, 87.72700044143625, 30.20394224923463, 85.62385026742616, 85.62385026742616, 91.77237888630937, 75.68679402095822, 92.17237888630936, 91.77237888630937, 87.67212383121041, 85.62385026742616, 87.72700044143625, 30.20394224923463, 91.77237888630937, 75.25060701409174, 87.72700044143625, 12.225448454455591, 91.77237888630937, 66.5489615464343, 48.68679402095821, 39.45482255552044, 83.40832626799134, 86.42385026742616, 91.77237888630937, 85.62385026742616, 83.40832626799134, 92.17237888630936, 85.62385026742616, 30.20394224923463, 85.62385026742616, 85.62385026742616, 85.62385026742616, 56.400129500787166, 85.62385026742616, 87.93740496697303, 87.72700044143625, 86.01261419415926, 39.45482255552044, 87.72700044143625, 91.77237888630937, 12.147797520225526, 75.25060701409174, 85.4825471035353, 39.062463794917576, 85.62385026742616, 91.77237888630937, 91.77237888630937, 39.20394224923463, 91.77237888630937, 91.77237888630937, 83.60695546585757, 85.62385026742616, 84.8825471035353, 85.62385026742616, 30.20394224923463, 91.77237888630937, 39.20394224923463, 87.67212383121041, 85.62385026742616, 91.77237888630937, 84.8825471035353], "player_life": [78, 74, 8, 54, 74, 0, 0, 0, 78, 74, 10, 16, 0, 0, 0, 0, 74, 0, 8, 0, 30, 0, 0, 0, 0, 0, 0, 0, 30, 74, 74, 0, 0, 0, 0, 34, 8, 0, 0, 10, 0, 0, 8, 76, 74, 0, 78, 74, 30, 2, 30, 0, 0, 78, 30, 0, 0, 0, 0, 0, 0, 16, 74, 0, 0, 0, 74, 0, 8, 8, 8, 0, 8, 30, 0, 0, 0, 0, 0, 0, 0, 10, 0, 8, 30, 74, 0, 0, 74, 2, 0, 40, 0, 8, 74, 0, 0, 8, 74, 4], "enemy_life": [0, 0, 0, 0, 0, 100, 30.0, 90.0, 0, 0, 0, 0, 30.0, 60.0, 80.0, 70.0, 0, 60.0, 0, 100, 0, 100, 100, 60.0, 100, 100, 50.0, 100, 0, 0, 0, 100, 50.0, 100, 100, 0, 0, 50.0, 100, 0, 100, 100, 0, 0, 0, 10.0, 0, 0, 0, 0, 0, 100, 100, 0, 0, 80.0, 90.0, 20.0, 40.0, 60.0, 100, 0, 0, 80.0, 0, 100, 0, 60.0, 0, 0, 0, 80.0, 0, 0, 100, 100, 100, 100, 90.0, 80.0, 10.0, 0, 50.0, 0, 0, 0, 50.0, 10.0, 0, 0, 100, 0, 80.0, 0, 0, 50.0, 100, 0, 0, 0], "game_time": [258, 278, 177, 239, 278, 329, 187, 381, 288, 278, 709, 249, 735, 153, 313, 187, 278, 329, 177, 329, 195, 360, 325, 556, 331, 325, 256, 325, 195, 278, 278, 325, 379, 325, 329, 146, 177, 256, 219, 291, 203, 308, 177, 288, 278, 203, 278, 278, 206, 278, 195, 325, 325, 237, 195, 322, 207, 233, 203, 329, 329, 177, 278, 322, 729, 329, 278, 329, 177, 177, 177, 325, 177, 158, 325, 325, 329, 325, 219, 348, 314, 249, 317, 177, 195, 278, 329, 253, 278, 730, 351, 147, 203, 177, 278, 256, 329, 177, 278, 249]}
{"fitness": [92.24704041507837, 75.25060701409174, 91.77237888630937, 56.400129500787166, 87.72700044143625, 91.77237888630937, 85.62385026742616, 87.72700044143625, 85.62385026742616, 86.42385026742616, 91.77237888630937, 85.62385026742616, 91.77237888630937, 91.77237888630937, 87.72700044143625, 83.60695546585757, 85.62385026742616, 48.768891383145416, 87.72700044143625, 85.62385026742616, 12.225448454455591, 88.41639337829167, 85.62385026742616, 87.67212383121041, 86.42385026742616, 91.77237888630937, 30.319827390982933, 30.20394224923463, 91.77237888630937, 91.77237888630937, 30.319827390982933, 91.77237888630937, 91.77237888630937, 87.72700044143625, 85.62385026742616, 91.77237888630937, 87.72700044143625, 87.93740496697303, 91.77237888630937, 85.62385026742616, 29.477907201829847, 85.62385026742616, 85.62385026742616, 21.727000441436253, 12.225448454455591, 85.62385026742616, 75.25060701409174, 30.20394224923463, 87.72700044143625, 84.8825471035353, 91.77237888630937, 85.62385026742616, 85.62385026742616, 85.62385026742616, 85.62385026742616, 87.72700044143625, 91.77237888630937, 39.60637245364764, 85.62385026742616, 85.62385026742616, 91.77237888630937, 30.20394224923463, 48.68679402095821, 83.40832626799134, 12.234808897215157, 85.62385026742616, 87.64704041507838, 85.62385026742616, 92.17237888630936, 87.67212383121041, 91.77237888630937, 30.20394224923463, 87.72700044143625, 89.92353644806849, 87.72700044143625, 91.77237888630937, 91.77237888630937, 87.72700044143625, 91.17237888630936, 56.400129500787166, 58.00278772623589, 91.77237888630937, 84.43614447346788, 85.62385026742616, 91.77237888630937, 88.41639337829167, 84.8825471035353, 91.77237888630937, 85.62385026742616, 91.77237888630937, 91.77237888630937, 88.36956207860757, 91.77237888630937, 86.01261419415926, 85.62385026742616, 85.62385026742616, 91.77237888630937, 83.40832626799134, 2.2042942248264863, 75.68679402095822], "player_life": [78, 78, 74, 0, 0, 74, 8, 0, 74, 0, 0, 2, 0, 0, 30, 2, 0, 0, 30, 0, 0, 34, 8, 0, 16, 74, 0, 0, 10, 74, 0, 74, 30, 0, 8, 74, 8, 30, 74, 76, 0, 78, 8, 0, 0, 0, 0, 0, 30, 40, 0, 0, 8, 0, 0, 30, 12, 0, 0, 8, 74, 0, 0, 0, 0, 0, 16, 8, 78, 30, 8, 0, 0, 54, 0, 74, 74, 0, 0, 0, 0, 74, 10, 0, 74, 0, 4, 0, 0, 74, 74, 34, 0, 0, 0, 8, 74, 0, 0, 0], "enemy_life": [0, 0, 0, 30.0, 90.0, 0, 0, 100, 0, 100, 100, 0, 90.0, 90.0, 0, 0, 100, 40.0, 0, 70.0, 80.0, 0, 0, 100, 0, 0, 100, 100, 0, 0, 60.0, 0, 0, 100, 0, 0, 0, 0, 0, 0, 60.0, 0, 0, 70.0, 80.0, 100, 10.0, 60.0, 0, 0, 80.0, 100, 0, 100, 100, 0, 80.0, 100, 100, 0, 0, 100, 40.0, 0, 20.0, 100, 0, 0, 0, 0, 0, 100, 100, 0, 100, 0, 0, 100, 60.0, 80.0, 100, 0, 0, 80.0, 0, 100, 0, 10.0, 80.0, 0, 0, 0, 100, 100, 100, 0, 0, 100, 50.0, 10.0], "game_time": [258, 237, 278, 735, 381, 278, 177, 203, 278, 360, 219, 278, 207, 219, 195, 730, 325, 187, 195, 187, 322, 146, 177, 329, 177, 278, 347, 308, 291, 278, 293, 278, 195, 329, 177, 278, 177, 158, 278, 288, 680, 288, 177, 195, 322, 329, 314, 329, 195, 147, 313, 360, 177, 351, 329, 195, 1000, 325, 325, 177, 278, 325, 203, 729, 325, 329, 249, 177, 278, 206, 177, 325, 325, 239, 325, 278, 278, 325, 556, 325, 325, 278, 709, 203, 278, 325, 249, 253, 322, 278, 278, 153, 325, 325, 325, 177, 278, 329, 329, 203]}
{"fitness": [92.52482618476617, 91.77237888630937, 48.68679402095821, 87.67212383121041, 49.058357577390694, 91.77237888630937, 87.67212383121041, 89.92353644806849, 91.77237888630937, 87.72700044143625, 85.62385026742616, 91.77237888630937, 91.77237888630937, 85.62385026742616, 85.62385026742616, 91.77237888630937, 92.52482618476617, 91.77237888630937, 87.72700044143625, 86.01261419415926, 39.45482255552044, 91.77237888630937, 85.62385026742616, 91.77237888630937, 87.72700044143625, 92.24704041507837, 91.77237888630937, 85.62385026742616, 56.400129500787166, 75.21617481767026, 87.72700044143625, 85.62385026742616, 85.62385026742616, 91.77237888630937, 87.72700044143625, 85.62385026742616, 87.72700044143625, 85.62385026742616, 85.62385026742616, 84.43614447346788, 91.77237888630937, 12.768891383145412, 87.72700044143625, 91.77237888630937, 75.68679402095822, 85.62385026742616, 87.72700044143625, 85.62385026742616, 85.62385026742616, 85.62385026742616, 91.77237888630937, 85.62385026742616, 85.62385026742616, 85.62385026742616, 87.72700044143625, 91.77237888630937, 83.60695546585757, 30.319827390982933, 91.77237888630937, 88.41639337829167, 92.17237888630936, 30.20394224923463, 58.00278772623589, 88.41639337829167, 88.36956207860757, 91.77237888630937, 85.62385026742616, 87.72700044143625, 87.93740496697303, 39.216174817670264, 49.058357577390694, 91.77237888630937, 86.42385026742616, 87.72700044143625, 91.77237888630937, 83.40832626799134, 39.45482255552044, 91.77237888630937, 85.62385026742616, 75.25060701409174, 87.72700044143625, 85.62385026742616, 87.72700044143625, 87.72700044143625, 75.25060701409174, 91.77237888630937, 39.33011907701948, 30.20394224923463, 91.77237888630937, 84.8825471035353, 91.17237888630936, 91.77237888630937, 84.8825471035353, 91.77237888630937, 85.62385026742616, 30.20394224923463, 91.77237888630937, 12.225448454455591, 30.20394224923463, 39.216174817670264], "player_life": [76, 0, 0, 0, 0, 30, 30, 54, 74, 30, 0, 0, 0, 8, 78, 74, 74, 0, 30, 0, 0, 0, 8, 74, 0, 78, 74, 8, 0, 0, 30, 8, 0, 74, 0, 8, 0, 74, 0, 10, 74, 0, 0, 0, 0, 8, 0, 0, 76, 0, 0, 8, 0, 8, 0, 74, 2, 0, 12, 34, 78, 0, 0, 0, 34, 74, 0, 0, 30, 0, 8, 0, 0, 0, 0, 0, 0, 74, 8, 0, 30, 2, 30, 30, 78, 74, 0, 0, 74, 40, 0, 74, 4, 74, 0, 0, 8, 0, 0, 0], "enemy_life": [0, 10.0, 40.0, 100, 40.0, 0, 0, 0, 0, 0, 100, 100, 100, 0, 0, 0, 0, 90.0, 0, 100, 100, 100, 0, 0, 100, 0, 0, 0, 80.0, 10.0, 0, 0, 100, 0, 100, 0, 100, 0, 80.0, 0, 0, 90.0, 100, 80.0, 10.0, 0, 100, 100, 0, 100, 90.0, 0, 100, 0, 90.0, 0, 0, 100, 80.0, 0, 0, 100, 100, 100, 0, 0, 100, 100, 0, 50.0, 0, 100, 100, 100, 60.0, 100, 50.0, 0, 0, 10.0, 0, 0, 0, 0, 0, 0, 100, 60.0, 0, 0, 60.0, 0, 0, 0, 100, 100, 0, 80.0, 100, 100], "game_time": [160, 253, 203, 329, 140, 195, 206, 239, 278, 195, 360, 329, 165, 177, 288, 278, 278, 219, 195, 325, 325, 325, 177, 278, 329, 258, 278, 177, 325, 325, 195, 177, 325, 278, 329, 177, 325, 278, 203, 709, 278, 325, 203, 313, 203, 177, 325, 329, 288, 325, 207, 177, 329, 177, 381, 278, 730, 347, 1000, 146, 278, 308, 325, 325, 153, 278, 322, 360, 158, 325, 177, 325, 360, 323, 329, 329, 256, 278, 177, 314, 195, 278, 195, 195, 237, 278, 325, 329, 278, 147, 556, 278, 249, 278, 329, 325, 177, 322, 325, 325]}
{"fitness": [92.52482618476617, 91.77237888630937, 85.62385026742616, 91.77237888630937, 91.77237888630937, 85.62385026742616, 86.92700044143626, 86.92700044143626, 66.9001335721758, 91.77237888630937, 86.42385026742616, 91.77237888630937, 85.62385026742616, 87.72700044143625, 85.62385026742616, 85.62385026742616, 87.72700044143625, 87.99605369405454, 84.43614447346788, 87.72700044143625, 91.77237888630937, 87.72700044143625, 85.62385026742616, 83.60695546585757, 85.62385026742616, 86.87212383121042, 91.77237888630937, 87.72700044143625, 87.67212383121041, 48.68679402095821, 91.17237888630936, 91.77237888630937, 57.07574420258547, 89.92353644806849, 92.24704041507837, 86.87212383121042, 87.72700044143625, 91.77237888630937, 85.62385026742616, 91.77237888630937, 91.77237888630937, 85.62385026742616, 91.77237888630937, 91.77237888630937, 39.216174817670264, 88.80956741322126, 85.62385026742616, 88.80956741322126, 85.62385026742616, 91.77237888630937, 85.62385026742616, 91.77237888630937, 91.77237888630937, 85.62385026742616, 91.77237888630937, 85.62385026742616, 88.36956207860757, 91.77237888630937, 87.72700044143625, 86.01261419415926, 39.45482255552044, 91.77237888630937, 29.682835313252717, 87.72700044143625, 87.72700044143625, 87.72700044143625, 87.72700044143625, 49.058357577390694, 75.68679402095822, 57.08920335595947, 91.77237888630937, 83.40832626799134, 30.20394224923463, 85.62385026742616, 87.99605369405454, 85.62385026742616, 91.77237888630937, 12.225448454455591, 88.41639337829167, 85.62385026742616, 91.77237888630937, 86.92700044143626, 91.77237888630937, 39.316420232661315, 92.52482618476617, 91.77237888630937, 85.62385026742616, 91.77237888630937, 87.72700044143625, 87.72700044143625, 91.77237888630937, 75.68679402095822, 84.8825471035353, 85.62385026742616, 87.67212383121041, 91.77237888630937, 30.686794020958214, 91.77237888630937, 65.99611293289347, 91.77237888630937], "player_life": [76, 0, 8, 74, 74, 8, 22, 0, 0, 74, 0, 74, 0, 30, 76, 0, 0, 74, 10, 0, 74, 0, 8, 2, 0, 22, 12, 30, 30, 0, 0, 74, 0, 54, 78, 0, 0, 0, 78, 74, 0, 0, 0, 74, 0, 8, 0, 38, 8, 30, 8, 74, 74, 0, 74, 8, 34, 0, 0, 0, 0, 74, 0, 30, 0, 30, 30, 0, 0, 0, 0, 0, 0, 8, 30, 0, 74, 0, 34, 0, 0, 0, 0, 0, 74, 74, 8, 0, 0, 0, 0, 0, 4, 0, 0, 0, 0, 8, 0, 74], "enemy_life": [0, 90.0, 0, 0, 0, 0, 0, 100, 20.0, 0, 100, 0, 80.0, 0, 0, 50.0, 100, 0, 0, 90.0, 0, 100, 0, 0, 100, 0, 80.0, 0, 0, 40.0, 60.0, 0, 30.0, 0, 0, 100, 100, 100, 0, 0, 100, 100, 100, 0, 100, 0, 100, 0, 0, 0, 0, 0, 0, 100, 0, 0, 0, 80.0, 100, 100, 100, 0, 60.0, 0, 100, 0, 0, 40.0, 10.0, 30.0, 90.0, 100, 100, 0, 0, 100, 0, 80.0, 0, 100, 10.0, 100, 100, 100, 0, 0, 0, 100, 100, 100, 100, 10.0, 0, 100, 100, 100, 60.0, 0, 100, 0], "game_time": [160, 219, 177, 278, 278, 177, 195, 329, 164, 278, 360, 278, 203, 195, 288, 256, 329, 278, 709, 381, 278, 325, 177, 730, 325, 206, 1000, 195, 206, 203, 556, 278, 374, 239, 258, 325, 329, 329, 288, 278, 329, 329, 325, 278, 325, 177, 322, 147, 177, 195, 177, 278, 278, 360, 278, 177, 153, 313, 323, 325, 325, 278, 554, 195, 203, 195, 195, 140, 203, 369, 207, 329, 308, 177, 149, 360, 278, 322, 146, 325, 253, 324, 325, 325, 278, 278, 177, 325, 325, 203, 203, 203, 249, 329, 329, 165, 203, 177, 325, 278]}
{"fitness": [92.52482618476617, 87.72700044143625, 74.4124499851752, 91.77237888630937, 91.77237888630937, 85.62385026742616, 87.99605369405454, 85.62385026742616, 87.72700044143625, 86.87212383121042, 91.77237888630937, 48.68679402095821, 85.39741210781067, 66.9001335721758, 91.84704041507838, 91.77237888630937, 85.62385026742616, 87.72700044143625, 57.08920335595947, 85.62385026742616, 91.77237888630937, 86.92700044143626, 89.92353644806849, 87.6769900208616, 84.8825471035353, 87.72700044143625, 85.62385026742616, 91.77237888630937, 87.72700044143625, 85.62385026742616, 29.862272945913766, 87.72700044143625, 39.45482255552044, 86.92700044143626, 30.20394224923463, 85.62385026742616, 85.62385026742616, 75.68679402095822, 85.62385026742616, 91.77237888630937, 88.80956741322126, 87.67212383121041, 85.62385026742616, 83.60695546585757, 57.07574420258547, 91.77237888630937, 85.39741210781067, 87.6769900208616, 87.72700044143625, 91.77237888630937, 88.36956207860757, 85.62385026742616, 74.4124499851752, 91.77237888630937, 91.77237888630937, 87.67212383121041, 91.77237888630937, 91.77237888630937, 91.77237888630937, 92.52482618476617, 87.72700044143625, 39.216174817670264, 84.43614447346788, 87.72700044143625, 91.77237888630937, 87.99605369405454, 87.72700044143625, 86.01261419415926, 85.62385026742616, 91.77237888630937, 65.99611293289347, 85.62385026742616, 90.01261419415926, 91.77237888630937, 91.77237888630937, 91.84704041507838, 87.72700044143625, 85.62385026742616, 87.72700044143625, 91.77237888630937, 48.46661051127248, 87.72700044143625, 85.62385026742616, 85.62385026742616, 85.62385026742616, 85.62385026742616, 87.72700044143625, 85.62385026742616, 91.77237888630937, 30.686794020958214, 83.40832626799134, 91.77237888630937, 85.62385026742616, 87.72700044143625, 91.17237888630936, 86.42385026742616, 88.41639337829167, 85.62385026742616, 86.42385026742616, 85.62385026742616], "player_life": [76, 30, 0, 74, 30, 8, 74, 8, 30, 22, 74, 0, 20, 0, 74, 0, 8, 0, 0, 0, 74, 22, 54, 30, 4, 30, 0, 0, 30, 8, 0, 0, 0, 0, 0, 0, 0, 0, 8, 0, 8, 0, 78, 2, 0, 0, 0, 0, 0, 0, 34, 8, 0, 12, 74, 30, 74, 0, 74, 74, 8, 0, 10, 0, 0, 30, 0, 0, 8, 0, 0, 8, 52, 74, 74, 0, 30, 0, 30, 0, 0, 0, 0, 8, 8, 0, 0, 0, 0, 0, 0, 74, 8, 0, 0, 16, 34, 8, 0, 76], "enemy_life": [0, 0, 10.0, 0, 0, 0, 0, 0, 0, 0, 0, 60.0, 0, 20.0, 0, 100, 0, 100, 30.0, 100, 0, 0, 0, 0, 0, 0, 100, 100, 0, 0, 60.0, 100, 100, 100, 60.0, 100, 80.0, 10.0, 0, 100, 0, 100, 0, 0, 30.0, 100, 30.0, 100, 100, 10.0, 0, 0, 50.0, 80.0, 0, 0, 0, 100, 0, 0, 0, 100, 0, 100, 90.0, 0, 90.0, 100, 0, 90.0, 100, 0, 0, 0, 0, 100, 0, 100, 0, 40.0, 100, 100, 100, 0, 0, 100, 100, 100, 100, 60.0, 100, 0, 0, 100, 60.0, 0, 0, 0, 50.0, 0], "game_time": [160, 195, 726, 278, 195, 177, 278, 177, 195, 206, 278, 329, 737, 164, 258, 325, 177, 325, 369, 325, 278, 195, 239, 205, 249, 195, 322, 329, 195, 177, 463, 328, 325, 324, 329, 360, 203, 203, 177, 325, 177, 329, 288, 730, 374, 165, 187, 329, 323, 253, 153, 177, 256, 1000, 278, 206, 278, 325, 278, 278, 177, 325, 709, 329, 219, 149, 381, 325, 177, 207, 325, 177, 179, 278, 278, 256, 195, 203, 195, 547, 329, 203, 325, 177, 177, 329, 329, 329, 329, 203, 329, 278, 177, 325, 556, 177, 146, 177, 227, 288]}
{"fitness": [92.58272016318507, 85.62385026742616, 86.87212383121042, 91.77237888630937, 86.42385026742616, 87.72700044143625, 85.62385026742616, 85.62385026742616, 85.62385026742616, 91.77237888630937, 87.72700044143625, 39.52353644806849, 85.39741210781067, 85.62385026742616, 87.72700044143625, 92.57611947915372, 87.72700044143625, 85.62385026742616, 84.8917323025988, 87.72700044143625, 83.40832626799134, 86.92700044143626, 87.72700044143625, 90.01261419415926, 92.58272016318507, 87.72700044143625, 85.62385026742616, 91.77237888630937, 85.62385026742616, 87.99605369405454, 87.72700044143625, 91.77237888630937, 30.6109282701835, 57.07574420258547, 48.68679402095821, 91.77237888630937, 87.72700044143625, 75.72188534076949, 91.77237888630937, 87.72700044143625, 91.77237888630937, 88.35657488308075, 91.18936470590374, 91.77237888630937, 83.60695546585757, 87.72700044143625, 91.77237888630937, 88.35657488308075, 87.67212383121041, 91.17237888630936, 85.39741210781067, 87.72700044143625, 85.62385026742616, 87.67212383121041, 84.43614447346788, 3.937404966973033, 85.62385026742616, 87.72700044143625, 66.9001335721758, 91.84704041507838, 39.52353644806849, 85.62385026742616, 48.46661051127248, 85.62385026742616, 92.53109579777976, 85.62385026742616, 85.62385026742616, 91.77237888630937, 86.52700044143626, 87.72700044143625, 75.72188534076949, 91.77237888630937, 92.52482618476617, 91.77237888630937, 30.6109282701835, 86.52700044143626, 91.77237888630937, 85.62385026742616, 30.575049982518596, 91.77237888630937, 87.72700044143625, 86.42385026742616, 87.72700044143625, 12.912403664767616, 87.72700044143625, 91.84704041507838, 88.80956741322126, 30.20394224923463, 92.53109579777976, 92.57611947915372, 91.77237888630937, 85.62385026742616, 86.01261419415926, 87.72700044143625, 12.888012211643456, 91.77237888630937, 85.62385026742616, 30.686794020958214, 91.77237888630937, 88.41639337829167], "player_life": [76, 8, 22, 0, 16, 30, 0, 8, 76, 74, 0, 0, 0, 0, 30, 0, 8, 8, 0, 30, 0, 22, 30, 52, 0, 30, 0, 74, 78, 30, 0, 0, 0, 0, 0, 0, 0, 0, 0, 0, 74, 30, 62, 74, 2, 30, 74, 34, 0, 0, 20, 0, 0, 30, 10, 0, 8, 30, 0, 74, 0, 8, 0, 0, 76, 30, 8, 0, 0, 0, 0, 74, 76, 0, 0, 18, 0, 0, 0, 30, 0, 0, 30, 0, 0, 0, 8, 0, 0, 76, 74, 0, 0, 30, 0, 74, 0, 0, 12, 34], "enemy_life": [0, 0, 0, 100, 0, 0, 100, 0, 0, 0, 100, 50.0, 30.0, 80.0, 0, 100, 0, 0, 100, 0, 100, 0, 0, 0, 100, 0, 100, 0, 0, 0, 100, 10.0, 100, 30.0, 60.0, 100, 100, 10.0, 100, 60.0, 0, 0, 0, 0, 0, 0, 0, 0, 100, 60.0, 0, 100, 100, 0, 0, 90.0, 0, 0, 20.0, 0, 90.0, 0, 100, 100, 0, 0, 0, 100, 60.0, 100, 100, 0, 0, 40.0, 60.0, 0, 90.0, 100, 60.0, 0, 100, 50.0, 0, 70.0, 10.0, 100, 0, 60.0, 100, 0, 0, 100, 100, 0, 80.0, 0, 100, 60.0, 80.0, 0], "game_time": [151, 177, 206, 329, 177, 195, 329, 177, 288, 278, 203, 239, 187, 203, 195, 369, 177, 177, 256, 195, 329, 195, 195, 179, 256, 195, 325, 278, 288, 149, 325, 253, 329, 374, 329, 329, 329, 196, 325, 290, 278, 195, 150, 278, 730, 195, 278, 155, 329, 556, 737, 329, 325, 206, 709, 158, 177, 195, 164, 258, 298, 177, 329, 203, 159, 195, 177, 325, 329, 323, 329, 278, 160, 547, 219, 195, 219, 360, 227, 195, 328, 227, 195, 243, 730, 256, 177, 329, 350, 152, 278, 322, 325, 195, 166, 278, 329, 203, 1000, 146]}
{"fitness": [92.58272016318507, 91.77237888630937, 85.62385026742616, 84.43614447346788, 92.53109579777976, 91.77237888630937, 66.9001335721758, 85.62385026742616, 88.76304739758636, 85.62385026742616, 87.99605369405454, 39.52353644806849, 86.42385026742616, 39.52353644806849, 84.8917323025988, 85.62385026742616, 83.40832626799134, 86.42385026742616, 92.52482618476617, 91.77237888630937, 30.20394224923463, 30.64341372532799, 30.575049982518596, 87.72700044143625, 90.01261419415926, 91.77237888630937, 66.02111423509888, 86.52700044143626, 87.72700044143625, 87.72700044143625, 91.77237888630937, 91.77237888630937, 87.72700044143625, 87.72700044143625, 87.72700044143625, 85.62385026742616, 30.6109282701835, 88.76304739758636, 85.73730981109512, 85.62385026742616, 87.72700044143625, 85.62385026742616, 75.72188534076949, 30.20394224923463, 92.57611947915372, 30.64341372532799, 85.62385026742616, 91.77237888630937, 91.77237888630937, 86.42385026742616, 91.77237888630937, 85.62385026742616, 85.62385026742616, 65.4207487879899, 91.77237888630937, 66.02111423509888, 88.42385026742616, 87.67212383121041, 85.62385026742616, 87.72700044143625, 85.62385026742616, 48.21310261863329, 84.73703951986406, 84.73703951986406, 88.49405452609942, 91.77237888630937, 30.20394224923463, 86.42385026742616, 85.62385026742616, 86.87212383121042, 87.72700044143625, 88.41639337829167, 88.35657488308075, 85.62385026742616, 91.18936470590374, 91.77237888630937, 91.17237888630936, 91.77237888630937, 87.72700044143625, 88.49405452609942, 85.62385026742616, 92.53109579777976, 85.62385026742616, 91.77237888630937, 12.225448454455591, 83.60695546585757, 48.46661051127248, 75.72188534076949, 87.67212383121041, 87.72700044143625, 91.84704041507838, 30.638707834290575, 87.72700044143625, 30.20394224923463, 30.686794020958214, 85.39741210781067, 91.77237888630937, 92.57611947915372, 88.35657488308075, 30.20394224923463], "player_life": [76, 74, 0, 10, 0, 0, 0, 8, 0, 8, 30, 0, 16, 0, 0, 0, 0, 0, 76, 74, 0, 0, 0, 30, 52, 0, 0, 0, 30, 30, 74, 54, 0, 30, 0, 0, 0, 38, 10, 8, 0, 8, 0, 0, 0, 0, 0, 0, 74, 0, 74, 76, 0, 0, 74, 0, 30, 0, 0, 30, 8, 2, 4, 30, 36, 74, 0, 16, 0, 22, 0, 34, 30, 8, 62, 0, 0, 74, 30, 0, 0, 76, 30, 0, 0, 2, 0, 0, 30, 0, 74, 0, 30, 0, 0, 0, 0, 76, 34, 0], "enemy_life": [0, 0, 100, 0, 100, 100, 20.0, 0, 60.0, 0, 0, 90.0, 0, 50.0, 100, 100, 100, 60.0, 0, 0, 60.0, 60.0, 60.0, 0, 0, 100, 60.0, 60.0, 0, 0, 0, 0, 100, 0, 100, 50.0, 100, 0, 0, 0, 60.0, 0, 10.0, 100, 100, 100, 100, 100, 0, 50.0, 0, 0, 100, 40.0, 0, 20.0, 0, 100, 100, 0, 0, 0, 0, 0, 0, 0, 60.0, 0, 100, 0, 100, 0, 0, 0, 0, 40.0, 60.0, 0, 0, 50.0, 100, 0, 0, 100, 80.0, 0, 100, 100, 0, 60.0, 0, 60.0, 0, 60.0, 60.0, 30.0, 100, 0, 0, 60.0], "game_time": [151, 278, 360, 709, 350, 325, 164, 177, 327, 177, 149, 298, 177, 239, 256, 329, 329, 329, 160, 278, 329, 212, 227, 195, 179, 329, 329, 329, 195, 195, 278, 150, 329, 195, 329, 316, 329, 154, 193, 177, 329, 177, 196, 203, 369, 329, 322, 329, 278, 227, 278, 288, 329, 325, 278, 395, 195, 329, 325, 195, 177, 195, 288, 208, 165, 278, 329, 177, 325, 206, 323, 146, 195, 177, 150, 547, 556, 278, 195, 332, 203, 159, 195, 325, 322, 730, 329, 329, 206, 290, 258, 213, 195, 329, 203, 187, 203, 152, 155, 329]}
{"fitness": [92.58272016318507, 86.52700044143626, 30.6109282701835, 48.21310261863329, 91.77237888630937, 88.49405452609942, 75.72188534076949, 39.52353644806849, 91.77237888630937, 30.20394224923463, 85.62385026742616, 91.77237888630937, 87.72700044143625, 85.62385026742616, 30.20394224923463, 86.42385026742616, 85.62385026742616, 85.61821644970792, 87.72700044143625, 91.77237888630937, 12.96304739758637, 87.72700044143625, 85.62385026742616, 91.77237888630937, 84.43614447346788, 91.77237888630937, 88.49405452609942, 87.72700044143625, 91.77237888630937, 88.35657488308075, 91.77237888630937, 85.62385026742616, 87.72700044143625, 87.72700044143625, 86.87212383121042, 30.20394224923463, 92.57611947915372, 86.42385026742616, 65.4207487879899, 91.77237888630937, 87.72700044143625, 91.77237888630937, 48.282972298593776, 85.61821644970792, 92.57611947915372, 30.64341372532799, 85.62385026742616, 88.74375419465169, 83.40832626799134, 87.72700044143625, 92.53109579777976, 92.53109579777976, 88.41639337829167, 88.76304739758636, 91.77237888630937, 87.72700044143625, 88.76304739758636, 87.72700044143625, 85.62385026742616, 87.72700044143625, 30.20394224923463, 48.282972298593776, 88.35657488308075, 66.02111423509888, 84.73703951986406, 91.77237888630937, 87.67212383121041, 87.72700044143625, 85.62385026742616, 30.20394224923463, 85.39741210781067, 87.72700044143625, 87.72700044143625, 84.8917323025988, 85.62385026742616, 30.638707834290575, 39.52353644806849, 83.60695546585757, 30.64341372532799, 85.62385026742616, 91.77237888630937, 75.72188534076949, 91.77237888630937, 85.73730981109512, 86.42385026742616, 30.20394224923463, 66.9001335721758, 91.17237888630936, 30.20394224923463, 85.62385026742616, 91.77237888630937, 85.62385026742616, 90.01261419415926, 85.62385026742616, 87.72700044143625, 85.62385026742616, 87.67212383121041, 85.62385026742616, 85.62385026742616, 92.52482618476617], "player_life": [76, 0, 0, 2, 0, 0, 0, 0, 0, 0, 8, 74, 30, 8, 0, 16, 0, 0, 0, 74, 0, 30, 8, 54, 10, 0, 36, 30, 0, 34, 74, 0, 0, 0, 22, 0, 76, 0, 0, 74, 0, 0, 0, 8, 0, 0, 0, 38, 0, 30, 0, 76, 34, 38, 74, 0, 0, 30, 76, 0, 0, 74, 30, 0, 30, 74, 30, 30, 0, 0, 0, 0, 30, 0, 8, 0, 0, 2, 0, 30, 0, 0, 74, 10, 0, 30, 0, 0, 2, 8, 74, 30, 52, 0, 0, 8, 0, 8, 0, 76], "enemy_life": [0, 60.0, 100, 0, 100, 50.0, 10.0, 90.0, 100, 60.0, 0, 0, 0, 0, 100, 0, 100, 80.0, 100, 0, 80.0, 0, 0, 0, 0, 40.0, 0, 0, 100, 0, 0, 100, 100, 100, 0, 60.0, 0, 60.0, 40.0, 0, 60.0, 100, 40.0, 0, 100, 100, 100, 0, 100, 0, 100, 0, 0, 0, 0, 100, 60.0, 0, 0, 60.0, 60.0, 0, 0, 20.0, 0, 0, 0, 0, 10.0, 60.0, 30.0, 50.0, 0, 100, 0, 60.0, 50.0, 0, 60.0, 0, 100, 100, 0, 0, 50.0, 0, 20.0, 60.0, 0, 0, 0, 0, 0, 50.0, 100, 0, 100, 0, 100, 0], "game_time": [151, 329, 329, 195, 325, 332, 196, 298, 329, 329, 177, 278, 195, 177, 203, 177, 360, 322, 360, 278, 154, 195, 177, 150, 709, 547, 165, 195, 329, 155, 278, 329, 198, 329, 206, 329, 152, 329, 325, 278, 290, 203, 304, 178, 369, 329, 203, 157, 329, 195, 350, 159, 146, 154, 278, 329, 327, 195, 288, 329, 329, 279, 195, 395, 208, 278, 206, 195, 719, 329, 187, 256, 195, 256, 177, 213, 239, 730, 212, 195, 203, 329, 278, 193, 227, 195, 164, 556, 195, 177, 278, 195, 179, 316, 323, 177, 329, 177, 325, 160]}
{"fitness": [92.58272016318507, 85.62385026742616, 88.49405452609942, 87.72700044143625, 91.77237888630937, 87.72700044143625, 85.62385026742616, 85.62385026742616, 83.60695546585757, 65.4207487879899, 87.72700044143625, 87.72700044143625, 88.49405452609942, 87.72700044143625, 91.77237888630937, 75.67212383121041, 91.77237888630937, 91.77237888630937, 85.39741210781067, 85.62385026742616, 85.61821644970792, 91.77237888630937, 85.62385026742616, 87.67212383121041, 88.74375419465169, 30.253796809459846, 48.282972298593776, 87.67212383121041, 30.20394224923463, 65.83248350911165, 84.43614447346788, 30.20394224923463, 66.76889138314542, 87.72700044143625, 30.638707834290575, 86.52700044143626, 91.77237888630937, 87.6769900208616, 66.76889138314542, 83.40832626799134, 85.73730981109512, 88.76304739758636, 91.77237888630937, 85.62385026742616, 30.216174817670264, 91.77237888630937, 65.83248350911165, 87.72700044143625, 87.72700044143625, 85.62385026742616, 92.57611947915372, 85.61821644970792, 91.77237888630937, 91.77237888630937, 87.72700044143625, 90.01261419415926, 86.42385026742616, 88.76304739758636, 85.62385026742616, 88.35657488308075, 91.77237888630937, 91.77237888630937, 75.75297592783951, 3.2223476767773436, 87.72700044143625, 87.00149097138548, 86.87212383121042, 66.02111423509888, 30.6109282701835, 84.73703951986406, 75.72188534076949, 75.72188534076949, 91.77237888630937, 87.72700044143625, 48.90624979919324, 87.72700044143625, 87.72700044143625, 91.77237888630937, 75.67212383121041, 85.62385026742616, 91.77237888630937, 30.216174817670264, 85.62385026742616, 91.77237888630937, 39.52353644806849, 30.20394224923463, 87.72700044143625, 88.35657488308075, 30.09463815194543, 85.62385026742616, 91.77237888630937, 87.72700044143625, 87.72700044143625, 91.77237888630937, 75.75297592783951, 87.72700044143625, 85.62385026742616, 30.20394224923463, 30.20394224923463, 85.62385026742616], "player_life": [76, 0, 0, 0, 74, 0, 8, 8, 2, 0, 30, 0, 36, 30, 0, 0, 74, 0, 0, 8, 8, 74, 0, 30, 38, 0, 0, 0, 0, 0, 10, 2, 0, 0, 0, 0, 0, 30, 0, 0, 10, 38, 74, 0, 0, 0, 0, 0, 30, 30, 0, 0, 74, 0, 0, 52, 0, 0, 8, 30, 74, 74, 52, 0, 0, 0, 22, 0, 0, 30, 0, 0, 0, 74, 0, 30, 30, 74, 0, 8, 0, 0, 8, 74, 0, 30, 0, 34, 0, 30, 74, 30, 30, 54, 0, 30, 0, 0, 0, 8], "enemy_life": [0, 100, 50.0, 60.0, 0, 60.0, 0, 0, 0, 40.0, 0, 100, 0, 0, 100, 50.0, 0, 100, 30.0, 0, 0, 0, 100, 0, 0, 60.0, 40.0, 100, 60.0, 50.0, 0, 0, 90.0, 50.0, 60.0, 60.0, 60.0, 0, 20.0, 100, 0, 0, 0, 100, 60.0, 100, 20.0, 100, 0, 0, 100, 80.0, 0, 100, 50.0, 0, 60.0, 60.0, 0, 0, 0, 0, 0, 100, 100, 100, 0, 20.0, 100, 0, 10.0, 100, 100, 0, 40.0, 0, 0, 0, 10.0, 0, 100, 60.0, 0, 0, 90.0, 0, 100, 0, 60.0, 0, 0, 0, 0, 0, 10.0, 0, 50.0, 100, 100, 0], "game_time": [151, 329, 332, 329, 278, 290, 177, 177, 730, 325, 195, 329, 165, 195, 203, 368, 278, 380, 187, 177, 178, 278, 329, 206, 157, 313, 304, 329, 329, 377, 709, 195, 322, 256, 213, 329, 329, 202, 187, 329, 193, 154, 278, 325, 325, 329, 477, 329, 195, 195, 369, 322, 278, 329, 256, 179, 329, 327, 177, 195, 278, 278, 204, 329, 323, 329, 206, 395, 329, 208, 196, 329, 325, 278, 163, 195, 195, 278, 206, 177, 719, 329, 177, 278, 298, 195, 198, 155, 367, 195, 278, 195, 195, 150, 190, 195, 316, 203, 352, 177]}
{"fitness": [92.58272016318507, 85.61821644970792, 85.62385026742616, 87.72700044143625, 91.77237888630937, 48.90624979919324, 88.49405452609942, 39.20394224923463, 87.72700044143625, 87.72700044143625, 65.4207487879899, 91.77237888630937, 75.72188534076949, 84.43614447346788, 87.72700044143625, 87.72700044143625, 91.77237888630937, 91.77237888630937, 90.97237888630936, 88.49405452609942, 87.72700044143625, 75.75297592783951, 91.77237888630937, 30.20394224923463, 65.83248350911165, 85.82157381634842, 85.62385026742616, 85.62385026742616, 30.20394224923463, 87.72700044143625, 85.62385026742616, 85.82157381634842, 87.00149097138548, 87.65289246928253, 3.2348088972151556, 91.77237888630937, 88.76304739758636, 65.83248350911165, 85.62385026742616, 75.75297592783951, 85.62385026742616, 85.62385026742616, 86.52700044143626, 91.77237888630937, 85.39741210781067, 91.77237888630937, 75.67212383121041, 87.72700044143625, 85.62385026742616, 75.72188534076949, 87.72700044143625, 83.60695546585757, 84.73703951986406, 30.20394224923463, 88.35657488308075, 85.62385026742616, 91.77237888630937, 91.77237888630937, 87.72700044143625, 91.77237888630937, 91.77237888630937, 87.72700044143625, 39.68679402095821, 85.62385026742616, 91.77237888630937, 39.20394224923463, 66.46661051127248, 85.62385026742616, 85.61821644970792, 30.54041448585584, 87.72700044143625, 85.62385026742616, 87.72700044143625, 88.35657488308075, 74.41936086271505, 91.77237888630937, 85.62385026742616, 91.77237888630937, 86.92700044143626, 91.77237888630937, 87.6769900208616, 91.77237888630937, 91.77237888630937, 88.74375419465169, 87.72700044143625, 91.77237888630937, 66.76889138314542, 30.6109282701835, 87.72700044143625, 39.45482255552044, 87.65289246928253, 75.03129244001464, 30.20394224923463, 39.68679402095821, 85.62385026742616, 74.41936086271505, 91.77237888630937, 83.40832626799134, 66.46661051127248, 30.20394224923463], "player_life": [76, 0, 30, 30, 74, 0, 0, 0, 30, 0, 0, 74, 0, 10, 30, 30, 0, 74, 0, 36, 30, 0, 54, 2, 0, 22, 8, 8, 0, 0, 8, 0, 0, 30, 30, 74, 38, 0, 8, 52, 30, 0, 0, 74, 0, 74, 0, 30, 8, 0, 0, 2, 30, 0, 30, 0, 74, 74, 30, 74, 0, 0, 0, 8, 0, 0, 0, 8, 8, 0, 0, 0, 0, 34, 0, 0, 0, 0, 0, 0, 30, 74, 74, 38, 0, 74, 0, 0, 30, 0, 0, 0, 0, 0, 8, 0, 0, 0, 0, 30], "enemy_life": [0, 80.0, 0, 0, 0, 40.0, 50.0, 50.0, 0, 100, 40.0, 0, 100, 0, 0, 0, 100, 0, 100, 0, 0, 10.0, 0, 0, 20.0, 0, 0, 0, 100, 60.0, 0, 100, 100, 0, 0, 0, 0, 50.0, 0, 0, 0, 60.0, 60.0, 0, 30.0, 0, 50.0, 0, 0, 10.0, 100, 0, 0, 50.0, 0, 90.0, 0, 0, 0, 0, 100, 100, 50.0, 0, 100, 50.0, 60.0, 0, 0, 60.0, 50.0, 100, 60.0, 0, 10.0, 100, 50.0, 100, 50.0, 60.0, 0, 0, 0, 0, 100, 0, 20.0, 100, 0, 30.0, 50.0, 10.0, 60.0, 100, 0, 30.0, 100, 100, 20.0, 0], "game_time": [151, 322, 195, 195, 278, 163, 332, 329, 195, 329, 325, 278, 329, 709, 195, 195, 203, 278, 347, 165, 195, 190, 150, 195, 477, 589, 177, 177, 203, 329, 177, 327, 329, 210, 195, 278, 154, 377, 177, 204, 195, 329, 329, 278, 187, 278, 368, 195, 177, 196, 198, 730, 208, 256, 195, 325, 278, 278, 195, 278, 329, 329, 203, 177, 719, 239, 329, 177, 178, 235, 256, 325, 329, 155, 721, 329, 316, 329, 256, 329, 202, 278, 278, 157, 329, 278, 187, 329, 195, 346, 759, 391, 329, 329, 177, 187, 325, 329, 253, 195]}
{"fitness": [92.58272016318507, 21.3062678611973, 87.65289246928253, 91.77237888630937, 87.72700044143625, 85.62385026742616, 66.46661051127248, 39.68679402095821, 88.35657488308075, 66.76889138314542, 91.77237888630937, 91.77237888630937, 91.77237888630937, 86.72700044143625, 75.67212383121041, 90.13740496697304, 85.62385026742616, 85.62385026742616, 65.83248350911165, 87.72700044143625, 83.40832626799134, 92.37964417492167, 91.77237888630937, 74.41936086271505, 85.62385026742616, 65.4207487879899, 91.77237888630937, 85.62385026742616, 90.13740496697304, 85.61821644970792, 85.62385026742616, 85.62385026742616, 85.62385026742616, 87.6769900208616, 91.84704041507838, 83.60695546585757, 85.62385026742616, 91.77237888630937, 91.77237888630937, 91.77237888630937, 91.77237888630937, 87.72700044143625, 91.77237888630937, 87.72700044143625, 88.49405452609942, 91.19605369405454, 91.77237888630937, 88.49405452609942, 87.72700044143625, 91.77237888630937, 87.65289246928253, 85.62385026742616, 30.20394224923463, 86.52700044143626, 86.12700044143625, 91.77237888630937, 38.70658072115352, 91.77237888630937, 88.76304739758636, 39.20394224923463, 30.20394224923463, 88.74375419465169, 48.90624979919324, 91.77237888630937, 91.77237888630937, 85.62385026742616, 91.77237888630937, 12.225448454455591, 86.12700044143625, 87.72700044143625, 30.20394224923463, 87.72700044143625, 39.45482255552044, 87.72700044143625, 12.216174817670263, 92.32700044143624, 85.82157381634842, 87.00149097138548, 84.43614447346788, 85.62385026742616, 91.19605369405454, 38.70658072115352, 30.20394224923463, 87.72700044143625, 21.22544845445559, 87.72700044143625, 75.75297592783951, 85.62385026742616, 91.77237888630937, 85.61821644970792, 91.77237888630937, 87.72700044143625, 88.35657488308075, 91.77237888630937, 84.73703951986406, 85.62385026742616, 30.65766574803519, 87.72700044143625, 86.72700044143625, 39.527729326328526], "player_life": [76, 34, 30, 0, 30, 8, 0, 0, 30, 0, 0, 74, 74, 20, 0, 30, 30, 0, 0, 0, 0, 76, 74, 0, 8, 0, 74, 0, 52, 8, 0, 8, 0, 30, 74, 2, 8, 74, 74, 0, 74, 30, 0, 30, 36, 62, 74, 0, 30, 74, 0, 8, 0, 0, 0, 0, 0, 74, 38, 0, 0, 38, 0, 0, 0, 0, 54, 0, 14, 0, 0, 0, 0, 0, 0, 76, 22, 0, 10, 30, 30, 0, 2, 30, 0, 30, 0, 8, 74, 0, 74, 0, 34, 74, 30, 8, 0, 30, 30, 0], "enemy_life": [0, 0, 0, 100, 0, 0, 20.0, 100, 0, 20.0, 100, 0, 0, 0, 50.0, 0, 0, 100, 20.0, 60.0, 100, 0, 0, 10.0, 0, 40.0, 0, 60.0, 0, 0, 50.0, 0, 100, 0, 0, 0, 0, 0, 0, 100, 0, 0, 100, 0, 0, 0, 0, 50.0, 0, 0, 50.0, 0, 100, 60.0, 80.0, 60.0, 50.0, 0, 0, 50.0, 60.0, 0, 40.0, 60.0, 100, 90.0, 0, 80.0, 0, 100, 60.0, 100, 30.0, 50.0, 80.0, 0, 0, 100, 0, 0, 0, 100, 0, 0, 70.0, 0, 10.0, 0, 0, 80.0, 0, 60.0, 0, 0, 0, 0, 100, 0, 0, 100], "game_time": [151, 150, 210, 203, 195, 177, 253, 329, 195, 187, 325, 278, 278, 195, 368, 195, 195, 325, 477, 329, 329, 185, 278, 721, 177, 325, 278, 329, 158, 178, 294, 177, 366, 202, 258, 730, 177, 278, 278, 329, 278, 195, 329, 195, 165, 149, 278, 332, 195, 278, 759, 177, 325, 329, 322, 253, 541, 278, 154, 239, 329, 157, 163, 329, 719, 325, 150, 322, 195, 329, 329, 329, 346, 256, 325, 195, 589, 329, 709, 195, 195, 329, 195, 195, 322, 195, 190, 177, 278, 322, 278, 329, 155, 278, 208, 177, 148, 195, 195, 325]}
{"fitness": [92.58272016318507, 12.203942249234629, 65.83248350911165, 86.12700044143625, 87.72700044143625, 65.4207487879899, 30.65766574803519, 66.21617481767026, 87.72700044143625, 30.20394224923463, 38.70658072115352, 85.62385026742616, 85.62385026742616, 48.216174817670264, 90.13740496697304, 91.77237888630937, 85.62385026742616, 91.77237888630937, 47.84514190598358, 87.72700044143625, 88.76304739758636, 87.72700044143625, 87.64704041507838, 85.62385026742616, 91.77237888630937, 21.64341372532799, 75.46266573298146, 83.60695546585757, 87.65289246928253, 87.72700044143625, 85.62385026742616, 84.73703951986406, 39.20394224923463, 87.73740496697303, 91.77237888630937, 87.72700044143625, 87.72700044143625, 86.52700044143626, 91.77237888630937, 86.12700044143625, 30.20394224923463, 30.20394224923463, 91.77237888630937, 91.19605369405454, 87.72700044143625, 87.72700044143625, 90.52482618476617, 89.72482618476617, 87.00149097138548, 91.77237888630937, 85.72700044143625, 87.72700044143625, 87.64704041507838, 85.62385026742616, 91.77237888630937, 66.76889138314542, 85.72700044143625, 85.62385026742616, 91.77237888630937, 85.62385026742616, 85.62385026742616, 87.72700044143625, 91.77237888630937, 88.35657488308075, 87.65289246928253, 91.19605369405454, 48.90624979919324, 47.84514190598358, 90.52482618476617, 66.46661051127248, 91.77237888630937, 85.62385026742616, 39.20394224923463, 39.20394224923463, 92.37964417492167, 91.77237888630937, 87.73740496697303, 85.62385026742616, 88.49405452609942, 91.77237888630937, 85.62385026742616, 88.74375419465169, 87.72700044143625, 85.82157381634842, 91.77237888630937, 66.73730981109512, 87.72700044143625, 66.21617481767026, 84.43614447346788, 91.77237888630937, 83.40832626799134, 85.62385026742616, 91.77237888630937, 86.72700044143625, 30.20394224923463, 87.72700044143625, 87.72700044143625, 91.84704041507838, 39.68679402095821, 89.93740496697303], "player_life": [76, 26, 0, 0, 0, 0, 0, 0, 0, 0, 0, 8, 30, 0, 52, 0, 8, 74, 8, 0, 38, 30, 32, 8, 74, 58, 0, 2, 0, 30, 0, 30, 0, 28, 74, 30, 0, 0, 0, 14, 0, 0, 74, 62, 30, 30, 56, 48, 0, 0, 10, 0, 0, 8, 74, 0, 0, 0, 0, 30, 8, 0, 74, 34, 30, 30, 0, 0, 0, 0, 74, 0, 0, 0, 76, 0, 0, 8, 0, 74, 8, 38, 30, 22, 74, 0, 30, 0, 10, 74, 0, 8, 74, 20, 0, 30, 0, 74, 0, 50], "enemy_life": [0, 0, 20.0, 80.0, 100, 40.0, 100, 100, 100, 60.0, 50.0, 0, 0, 100, 0, 100, 0, 0, 0, 50.0, 0, 0, 0, 0, 0, 0, 100, 0, 50.0, 0, 100, 0, 50.0, 0, 0, 0, 60.0, 60.0, 100, 0, 60.0, 90.0, 0, 0, 0, 0, 0, 0, 100, 60.0, 0, 60.0, 70.0, 0, 0, 20.0, 100, 90.0, 100, 0, 0, 100, 0, 0, 0, 0, 40.0, 40.0, 90.0, 20.0, 0, 50.0, 50.0, 100, 0, 60.0, 100, 0, 50.0, 0, 0, 0, 0, 0, 0, 100, 0, 20.0, 0, 0, 100, 0, 0, 0, 60.0, 0, 100, 0, 100, 0], "game_time": [151, 205, 477, 322, 329, 325, 148, 324, 329, 329, 541, 177, 195, 329, 158, 203, 177, 278, 177, 256, 154, 195, 258, 177, 278, 167, 260, 730, 759, 195, 325, 208, 239, 158, 278, 195, 329, 329, 325, 195, 329, 325, 278, 149, 195, 195, 160, 160, 329, 329, 195, 329, 719, 177, 278, 187, 325, 325, 719, 195, 177, 325, 278, 155, 210, 195, 163, 471, 329, 253, 278, 294, 329, 329, 185, 253, 322, 177, 332, 278, 177, 157, 195, 589, 278, 325, 195, 325, 709, 278, 329, 177, 278, 195, 329, 195, 329, 258, 329, 158]}
{"fitness": [93.04704041507837, 30.119467013599298, 39.20394224923463, 85.62385026742616, 87.72700044143625, 88.61639337829166, 87.73740496697303, 85.62385026742616, 84.43614447346788, 86.52700044143626, 87.72700044143625, 87.72700044143625, 87.72700044143625, 87.72700044143625, 91.77237888630937, 75.46266573298146, 85.62385026742616, 88.61639337829166, 87.72700044143625, 39.45482255552044, 90.13740496697304, 92.58272016318507, 87.64704041507838, 91.77237888630937, 85.62385026742616, 91.77237888630937, 87.65289246928253, 91.76878821817864, 88.49405452609942, 92.37964417492167, 30.20394224923463, 87.72700044143625, 87.72700044143625, 86.12700044143625, 39.20394224923463, 89.93740496697303, 87.72700044143625, 66.76889138314542, 87.72700044143625, 91.77237888630937, 88.76304739758636, 87.72700044143625, 87.72700044143625, 87.73740496697303, 87.72700044143625, 91.77237888630937, 85.82157381634842, 39.24425778641309, 87.72700044143625, 30.65766574803519, 88.68188000615578, 85.62385026742616, 91.77237888630937, 91.77237888630937, 87.73740496697303, 88.35657488308075, 91.77237888630937, 66.21617481767026, 66.21617481767026, 30.20394224923463, 39.20394224923463, 87.72700044143625, 86.12700044143625, 87.65289246928253, 66.46661051127248, 89.72482618476617, 87.72700044143625, 91.77237888630937, 87.72700044143625, 66.46661051127248, 12.203942249234629, 91.77237888630937, 87.72700044143625, 84.73703951986406, 91.77237888630937, 85.62385026742616, 91.77237888630937, 87.72700044143625, 21.454822555520437, 91.77237888630937, 86.72700044143625, 91.77237888630937, 87.72700044143625, 39.46661051127248, 87.72700044143625, 65.4207487879899, 48.216174817670264, 85.62385026742616, 85.72700044143625, 91.84704041507838, 87.72700044143625, 88.68188000615578, 85.62385026742616, 91.77237888630937, 93.04704041507837, 85.72700044143625, 87.72700044143625, 12.225448454455591, 85.62385026742616, 21.454822555520437], "player_life": [86, 0, 0, 30, 0, 36, 28, 8, 10, 0, 30, 30, 0, 30, 74, 0, 8, 0, 30, 0, 52, 76, 0, 0, 0, 0, 0, 74, 0, 76, 0, 0, 30, 0, 0, 50, 0, 0, 0, 74, 38, 0, 30, 0, 30, 0, 22, 30, 30, 0, 40, 8, 74, 0, 30, 34, 0, 0, 0, 0, 0, 0, 14, 30, 0, 48, 64, 74, 0, 0, 26, 30, 30, 30, 74, 30, 74, 30, 0, 74, 20, 0, 30, 0, 0, 0, 0, 8, 0, 74, 0, 0, 8, 74, 74, 10, 0, 0, 0, 22], "enemy_life": [0, 60.0, 50.0, 0, 100, 0, 0, 0, 0, 60.0, 0, 0, 100, 0, 0, 100, 0, 100, 0, 50.0, 0, 0, 70.0, 100, 50.0, 60.0, 50.0, 0, 50.0, 0, 60.0, 80.0, 0, 80.0, 50.0, 0, 100, 20.0, 50.0, 0, 0, 100, 0, 100, 0, 100, 0, 0, 0, 100, 0, 0, 0, 60.0, 0, 0, 100, 100, 20.0, 60.0, 100, 30.0, 0, 0, 90.0, 0, 0, 0, 60.0, 20.0, 0, 0, 0, 0, 0, 0, 0, 0, 70.0, 0, 0, 100, 0, 50.0, 100, 40.0, 100, 0, 100, 0, 100, 10.0, 0, 0, 0, 0, 60.0, 80.0, 90.0, 0], "game_time": [258, 358, 329, 195, 329, 146, 158, 177, 709, 329, 195, 195, 360, 195, 278, 260, 177, 329, 195, 256, 158, 151, 719, 325, 294, 329, 759, 279, 332, 185, 329, 325, 195, 322, 239, 158, 325, 187, 256, 278, 154, 256, 195, 322, 195, 203, 589, 195, 195, 148, 204, 177, 278, 253, 158, 155, 719, 324, 325, 329, 329, 279, 195, 210, 329, 160, 258, 278, 329, 253, 205, 195, 195, 208, 278, 195, 278, 195, 256, 278, 195, 329, 195, 253, 329, 325, 329, 177, 325, 258, 325, 325, 177, 278, 278, 195, 329, 322, 325, 735]}
{"fitness": [93.04704041507837, 21.454822555520437, 85.62385026742616, 91.76878821817864, 86.92700044143626, 75.46661051127248, 88.01639337829167, 87.72700044143625, 85.62385026742616, 85.62385026742616, 85.62385026742616, 88.61639337829166, 88.61261419415925, 91.93703951986404, 87.72700044143625, 87.72700044143625, 87.72700044143625, 87.72700044143625, 86.52700044143626, 87.72700044143625, 48.27968822339259, 87.72700044143625, 85.62385026742616, 85.62385026742616, 88.61639337829166, 66.46661051127248, 91.77237888630937, 87.65289246928253, 87.72700044143625, 92.37964417492167, 87.72700044143625, 48.435479592677304, 91.77237888630937, 66.21617481767026, 88.01639337829167, 91.77237888630937, 87.73740496697303, 91.77237888630937, 75.46266573298146, 88.76304739758636, 84.92700044143626, 87.72700044143625, 47.697381024255094, 91.77237888630937, 91.77237888630937, 87.72700044143625, 85.62385026742616, 39.45482255552044, 85.62385026742616, 91.77237888630937, 30.20394224923463, 29.448919664956595, 88.68188000615578, 87.65289246928253, 91.77237888630937, 84.92700044143626, 84.43614447346788, 91.77237888630937, 91.77237888630937, 84.73703951986406, 89.93740496697303, 85.62385026742616, 30.65766574803519, 87.73740496697303, 12.225448454455591, 87.72700044143625, 87.72700044143625, 91.76164533066625, 87.72700044143625, 47.697381024255094, 87.72700044143625, 91.77237888630937, 85.72700044143625, 65.4207487879899, 93.04704041507837, 88.49405452609942, 91.77237888630937, 88.68188000615578, 92.58272016318507, 48.27968822339259, 88.61261419415925, 91.77237888630937, 91.77237888630937, 86.92700044143626, 85.82157381634842, 85.62385026742616, 91.77237888630937, 91.93703951986404, 91.77237888630937, 66.76889138314542, 87.72700044143625, 87.72700044143625, 39.20394224923463, 88.35657488308075, 91.77237888630937, 87.72700044143625, 85.62385026742616, 21.454822555520437, 39.24425778641309, 87.72700044143625], "player_life": [86, 0, 30, 74, 22, 0, 30, 0, 8, 0, 0, 36, 0, 0, 30, 30, 0, 30, 0, 64, 0, 0, 8, 8, 0, 0, 74, 30, 0, 76, 0, 22, 0, 0, 0, 74, 30, 0, 0, 38, 2, 30, 0, 0, 0, 0, 8, 0, 0, 74, 0, 0, 0, 0, 74, 60, 10, 30, 0, 30, 50, 8, 0, 0, 0, 0, 30, 74, 30, 0, 30, 74, 0, 0, 74, 0, 74, 40, 76, 0, 38, 74, 74, 0, 22, 8, 0, 76, 74, 0, 0, 30, 0, 34, 74, 0, 8, 22, 30, 30], "enemy_life": [0, 70.0, 0, 0, 0, 10.0, 0, 60.0, 0, 80.0, 100, 0, 100, 100, 0, 0, 100, 0, 60.0, 0, 40.0, 30.0, 0, 0, 100, 20.0, 0, 0, 100, 0, 100, 0, 30.0, 20.0, 100, 0, 0, 60.0, 100, 0, 0, 0, 40.0, 100, 60.0, 80.0, 0, 50.0, 90.0, 0, 60.0, 60.0, 10.0, 50.0, 0, 0, 0, 0, 100, 0, 0, 0, 100, 100, 80.0, 100, 0, 0, 0, 40.0, 0, 0, 100, 40.0, 0, 50.0, 0, 0, 0, 100, 0, 0, 0, 100, 0, 0, 100, 0, 0, 20.0, 100, 0, 100, 0, 0, 50.0, 0, 0, 0, 0], "game_time": [258, 256, 195, 279, 195, 253, 146, 329, 177, 322, 321, 146, 329, 328, 195, 195, 329, 195, 329, 258, 305, 279, 177, 177, 329, 253, 278, 210, 256, 185, 329, 195, 203, 325, 329, 278, 158, 700, 260, 154, 195, 195, 325, 203, 253, 325, 177, 256, 325, 278, 329, 700, 325, 759, 278, 258, 709, 195, 325, 208, 158, 177, 148, 322, 322, 325, 195, 281, 195, 546, 195, 278, 325, 325, 278, 332, 278, 204, 151, 329, 179, 278, 278, 360, 589, 177, 329, 288, 278, 187, 360, 195, 329, 155, 278, 256, 177, 735, 195, 195]}
{"fitness": [93.04704041507837, 88.01639337829167, 87.72700044143625, 85.62385026742616, 87.72700044143625, 47.697381024255094, 91.77237888630937, 85.62385026742616, 87.72700044143625, 88.61261419415925, 88.61261419415925, 87.73740496697303, 87.72700044143625, 91.77237888630937, 85.62385026742616, 87.19605369405454, 87.72700044143625, 85.62385026742616, 87.72700044143625, 91.77237888630937, 87.72700044143625, 89.93740496697303, 87.65289246928253, 91.77237888630937, 85.62385026742616, 88.01639337829167, 87.72700044143625, 93.04704041507837, 87.72700044143625, 85.62385026742616, 85.62385026742616, 87.72700044143625, 48.27968822339259, 91.77237888630937, 87.72700044143625, 85.62385026742616, 85.72700044143625, 91.77237888630937, 85.62385026742616, 21.454822555520437, 85.82157381634842, 87.72700044143625, 87.72700044143625, 87.72700044143625, 86.12700044143625, 91.77237888630937, 87.72700044143625, 88.61639337829166, 91.77237888630937, 88.49405452609942, 86.52700044143626, 91.77237888630937, 30.20394224923463, 85.62385026742616, 48.435479592677304, 48.20394224923463, 92.58272016318507, 85.62385026742616, 85.62385026742616, 30.20394224923463, 48.20394224923463, 48.27968822339259, 86.92700044143626, 65.4207487879899, 66.46661051127248, 84.73703951986406, 30.20394224923463, 39.45482255552044, 85.62385026742616, 88.76304739758636, 85.62385026742616, 84.43614447346788, 22.06552606686931, 92.37964417492167, 91.77237888630937, 91.77237888630937, 85.62385026742616, 47.697381024255094, 87.72700044143625, 85.62385026742616, 91.77237888630937, 91.77237888630937, 88.68188000615578, 30.20394224923463, 87.72700044143625, 21.454822555520437, 85.72700044143625, 91.93703951986404, 30.65766574803519, 91.93703951986404, 85.62385026742616, 87.72700044143625, 85.62385026742616, 85.72700044143625, 87.19605369405454, 39.45482255552044, 87.72700044143625, 91.77237888630937, 91.77237888630937, 86.92700044143626], "player_life": [86, 0, 30, 8, 0, 0, 74, 8, 0, 38, 0, 30, 74, 0, 8, 0, 0, 0, 30, 74, 30, 50, 30, 74, 8, 30, 0, 74, 30, 8, 8, 30, 0, 74, 30, 8, 0, 74, 8, 22, 22, 30, 0, 0, 14, 0, 30, 0, 74, 0, 0, 30, 0, 8, 22, 0, 76, 0, 76, 0, 0, 0, 22, 0, 0, 30, 74, 0, 0, 38, 0, 10, 0, 76, 0, 74, 30, 0, 0, 8, 0, 74, 40, 0, 30, 0, 36, 0, 0, 76, 0, 30, 0, 10, 22, 0, 0, 74, 0, 0], "enemy_life": [0, 100, 0, 0, 100, 40.0, 0, 0, 30.0, 0, 100, 0, 0, 100, 0, 100, 100, 20.0, 0, 0, 0, 0, 0, 0, 0, 0, 80.0, 0, 0, 0, 0, 0, 100, 0, 0, 0, 100, 0, 0, 0, 0, 0, 100, 60.0, 0, 60.0, 0, 100, 0, 50.0, 60.0, 0, 60.0, 0, 0, 40.0, 0, 60.0, 0, 60.0, 100, 40.0, 0, 40.0, 20.0, 0, 0, 50.0, 100, 0, 60.0, 0, 60.0, 0, 100, 0, 0, 40.0, 100, 0, 60.0, 0, 0, 100, 0, 70.0, 0, 100, 100, 0, 80.0, 0, 90.0, 0, 0, 50.0, 100, 0, 100, 100], "game_time": [258, 329, 195, 177, 329, 546, 278, 177, 279, 179, 329, 158, 278, 325, 177, 325, 329, 720, 195, 278, 195, 158, 210, 278, 177, 146, 325, 278, 195, 177, 177, 195, 329, 278, 195, 177, 325, 278, 177, 735, 589, 195, 360, 329, 195, 253, 195, 329, 278, 332, 329, 195, 329, 177, 195, 329, 151, 329, 150, 329, 325, 305, 195, 325, 253, 208, 278, 256, 321, 154, 329, 709, 329, 185, 203, 278, 195, 325, 325, 177, 700, 278, 204, 329, 195, 256, 164, 328, 148, 288, 322, 195, 325, 195, 149, 256, 256, 278, 329, 360]}
