{"fitness": [1e-06, 1e-06, 1e-06, 3.130703086866226, 1e-06, 21.752975927839515, 1e-06, 1e-06, 1e-06, 1e-06, 1e-06, 1e-06, 1e-06, 1e-06, 12.801502968734173, 1e-06, 1e-06, 1e-06, 1e-06, 1e-06, 1e-06, 1e-06, 3.752975927839514, 57.22544845445559, 1e-06, 1e-06, 1e-06, 1e-06, 1e-06, 1e-06, 1e-06, 1e-06, 3.0545793913934247, 1e-06, 1e-06, 30.752975927839515, 1e-06, 12.790513847158579, 20.986284843957197, 1e-06, 1e-06, 3.752975927839514, 1e-06, 1e-06, 1e-06, 1e-06, 1e-06, 1e-06, 1e-06, 1e-06, 1e-06, 1e-06, 1e-06, 1e-06, 1e-06, 1e-06, 1e-06, 1e-06, 1e-06, 1e-06, 1e-06, 1e-06, 1e-06, 1e-06, 1e-06, 1e-06, 12.256996812190518, 1e-06, 1e-06, 12.76355803717005, 1e-06, 1e-06, 1e-06, 1e-06, 1e-06, 1e-06, 12.790513847158579, 1e-06, 1e-06, 1e-06, 1e-06, 1e-06, 1e-06, 1e-06, 1e-06, 1e-06, 1e-06, 1e-06, 1e-06, 1e-06, 1e-06, 1e-06, 1e-06, 3.6018372984822475, 1e-06, 1e-06, 1e-06, 1e-06, 1e-06, 1e-06], "player_life": [0, 0, 0, 0, 0, 0, 0, 0, 0, 0, 0, 0, 0, 0, 0, 0, 0, 0, 0, 0, 0, 0, 0, 0, 0, 0, 0, 0, 0, 0, 0, 0, 0, 0, 0, 0, 0, 0, 0, 0, 0, 0, 0, 0, 0, 0, 0, 0, 0, 0, 0, 0, 0, 0, 0, 0, 0, 0, 0, 0, 0, 0, 0, 0, 0, 0, 0, 0, 0, 0, 0, 0, 0, 0, 0, 0, 0, 0, 0, 0, 0, 0, 0, 0, 0, 0, 0, 0, 0, 0, 0, 0, 0, 0, 0, 0, 0, 0, 0, 0], "enemy_life": [100, 100, 100, 90.0, 100, 70.0, 100, 100, 100, 100, 100, 100, 100, 100, 80.0, 100, 100, 100, 100, 100, 100, 100, 90.0, 30.0, 100, 100, 100, 100, 100, 100, 100, 100, 90.0, 100, 100, 60.0, 100, 80.0, 70.0, 100, 100, 90.0, 100, 100, 100, 100, 100, 100, 100, 100, 100, 100, 100, 100, 100, 100, 100, 100, 100, 100, 100, 100, 100, 100, 100, 100, 80.0, 100, 100, 80.0, 100, 100, 100, 100, 100, 100, 80.0, 100, 100, 100, 100, 100, 100, 100, 100, 100, 100, 100, 100, 100, 100, 100, 100, 90.0, 100, 100, 100, 100, 100, 100], "game_time": [191, 195, 195, 354, 195, 190, 313, 195, 190, 195, 616, 191, 195, 190, 181, 191, 221, 223, 195, 326, 195, 195, 190, 322, 343, 195, 195, 191, 343, 195, 190, 191, 382, 343, 195, 190, 195, 183, 409, 195, 191, 190, 191, 195, 195, 304, 195, 195, 181, 195, 298, 304, 343, 195, 195, 195, 343, 640, 221, 183, 481, 221, 195, 304, 333, 190, 312, 195, 343, 188, 191, 343, 190, 195, 195, 322, 183, 195, 195, 191, 354, 221, 292, 591, 333, 195, 191, 190, 333, 191, 195, 221, 190, 221, 195, 323, 221, 181, 191, 195]}
{"fitness": [57.22544845445559, 57.16226955283406, 57.16226955283406, 39.71679627126201, 12.790513847158579, 12.237948617219823, 21.752975927839515, 21.752975927839515, 30.752975927839515, 12.790513847158579, 56.614805601002274, 12.790513847158579, 20.986284843957197, 57.16226955283406, 3.752975927839514, 57.16226955283406, 21.752975927839515, 12.790513847158579, 3.6018372984822475, 39.71679627126201, 12.237948617219823, 12.256996812190518, 12.790513847158579, 56.614805601002274, 12.790513847158579, 3.752975927839514, 12.76355803717005, 12.801502968734173, 3.0545793913934247, 3.752975927839514, 3.727000441436253, 3.752975927839514, 3.130703086866226, 3.752975927839514, 3.752975927839514, 3.8352140260764855, 3.130703086866226, 3.130703086866226, 3.8352140260764855, 3.727000441436253, 1e-06, 1e-06, 1e-06, 1e-06, 1e-06, 1e-06, 1e-06, 1e-06, 1e-06, 1e-06, 1e-06, 1e-06, 1e-06, 1e-06, 1e-06, 1e-06, 1e-06, 1e-06, 1e-06, 1e-06, 1e-06, 1e-06, 1e-06, 1e-06, 1e-06, 1e-06, 1e-06, 1e-06, 1e-06, 1e-06, 1e-06, 1e-06, 1e-06, 1e-06, 1e-06, 1e-06, 1e-06, 1e-06, 1e-06, 1e-06, 1e-06, 1e-06, 1e-06, 1e-06, 1e-06, 1e-06, 1e-06, 1e-06, 1e-06, 1e-06, 1e-06, 1e-06, 1e-06, 1e-06, 1e-06, 1e-06, 1e-06, 1e-06, 1e-06, 1e-06], "player_life": [0, 0, 0, 0, 0, 0, 0, 0, 0, 0, 0, 0, 0, 0, 0, 0, 0, 0, 0, 0, 0, 0, 0, 0, 0, 0, 0, 0, 0, 0, 0, 0, 0, 0, 0, 0, 0, 0, 0, 0, 0, 0, 0, 0, 0, 0, 0, 0, 0, 0, 0, 0, 0, 0, 0, 0, 0, 0, 0, 0, 0, 0, 0, 0, 0, 0, 0, 0, 0, 0, 0, 0, 0, 0, 0, 0, 0, 0, 0, 0, 0, 0, 0, 0, 0, 0, 0, 0, 0, 0, 0, 0, 0, 0, 0, 0, 0, 0, 0, 0], "enemy_life": [30.0, 90.0, 100, 50.0, 80.0, 80.0, 70.0, 70.0, 60.0, 80.0, 90.0, 80.0, 70.0, 30.0, 90.0, 30.0, 100, 100, 90.0, 90.0, 100, 80.0, 80.0, 30.0, 90.0, 100, 80.0, 80.0, 90.0, 90.0, 30.0, 90.0, 90.0, 90.0, 100, 90.0, 90.0, 90.0, 100, 90.0, 100, 100, 100, 100, 100, 100, 100, 100, 100, 100, 100, 100, 100, 100, 100, 100, 100, 100, 100, 100, 100, 100, 100, 100, 100, 100, 100, 100, 100, 100, 100, 100, 100, 100, 100, 100, 100, 100, 100, 100, 100, 100, 100, 100, 100, 70.0, 100, 100, 100, 100, 100, 100, 100, 100, 100, 100, 100, 100, 100, 100], "game_time": [322, 190, 195, 197, 183, 318, 190, 190, 190, 183, 162, 183, 409, 343, 190, 343, 195, 304, 221, 354, 554, 312, 183, 593, 196, 183, 188, 181, 382, 190, 343, 190, 354, 190, 343, 175, 315, 354, 191, 195, 195, 195, 195, 195, 304, 322, 190, 343, 191, 191, 195, 190, 195, 195, 191, 191, 195, 195, 190, 343, 343, 191, 195, 354, 191, 343, 195, 195, 301, 190, 195, 481, 221, 195, 630, 195, 591, 191, 195, 304, 190, 195, 223, 195, 190, 190, 304, 195, 303, 195, 343, 343, 195, 326, 195, 343, 223, 333, 191, 195]}
{"fitness": [57.752975927839515, 57.22544845445559, 3.752975927839514, 21.752975927839515, 12.790513847158579, 39.71679627126201, 12.732141840936672, 21.752975927839515, 12.76355803717005, 57.16226955283406, 21.747726571953372, 39.71679627126201, 12.237948617219823, 3.1858694681749338, 57.16226955283406, 56.614805601002274, 57.752975927839515, 21.747726571953372, 3.067754812551989, 57.16226955283406, 21.752975927839515, 57.16226955283406, 56.614805601002274, 3.752975927839514, 12.790513847158579, 21.752975927839515, 12.790513847158579, 21.752975927839515, 3.727000441436253, 21.752975927839515, 12.74772657195337, 3.752975927839514, 3.752975927839514, 21.752975927839515, 3.6018372984822475, 20.986284843957197, 21.752975927839515, 3.2223476767773436, 30.752975927839515, 12.732141840936672, 3.752975927839514, 21.752975927839515, 12.790513847158579, 3.6018372984822475, 3.2223476767773436, 3.752975927839514, 12.790513847158579, 12.256996812190518, 12.74772657195337, 12.801502968734173, 3.8352140260764855, 3.130703086866226, 12.790513847158579, 12.790513847158579, 3.6018372984822475, 3.752975927839514, 3.8352140260764855, 12.790513847158579, 12.237948617219823, 3.727000441436253, 3.067754812551989, 3.130703086866226, 3.752975927839514, 3.1858694681749338, 3.130703086866226, 3.752975927839514, 3.0545793913934247, 3.130703086866226, 3.130703086866226, 3.752975927839514, 1e-06, 1e-06, 1e-06, 1e-06, 1e-06, 1e-06, 1e-06, 1e-06, 1e-06, 1e-06, 1e-06, 1e-06, 1e-06, 1e-06, 1e-06, 1e-06, 1e-06, 1e-06, 1e-06, 1e-06, 1e-06, 1e-06, 1e-06, 1e-06, 1e-06, 1e-06, 1e-06, 1e-06, 1e-06, 1e-06], "player_life": [0, 0, 0, 0, 0, 0, 0, 0, 0, 0, 0, 0, 0, 0, 0, 0, 0, 0, 0, 0, 0, 0, 0, 0, 0, 0, 0, 0, 0, 0, 0, 0, 0, 0, 0, 0, 0, 0, 0, 0, 0, 0, 0, 0, 0, 0, 0, 0, 0, 0, 0, 0, 0, 0, 0, 0, 0, 0, 0, 0, 0, 0, 0, 0, 0, 0, 0, 0, 0, 0, 0, 0, 0, 0, 0, 0, 0, 0, 0, 0, 0, 0, 0, 0, 0, 0, 0, 0, 0, 0, 0, 0, 0, 0, 0, 0, 0, 0, 0, 0], "enemy_life": [30.0, 30.0, 90.0, 70.0, 80.0, 50.0, 80.0, 70.0, 80.0, 100, 70.0, 90.0, 100, 90.0, 30.0, 90.0, 80.0, 100, 100, 90.0, 100, 30.0, 30.0, 100, 80.0, 100, 90.0, 70.0, 90.0, 70.0, 80.0, 90.0, 100, 30.0, 90.0, 70.0, 70.0, 100, 60.0, 30.0, 100, 100, 80.0, 100, 90.0, 100, 80.0, 80.0, 90.0, 80.0, 100, 90.0, 90.0, 80.0, 90.0, 90.0, 90.0, 100, 80.0, 30.0, 90.0, 70.0, 90.0, 60.0, 90.0, 90.0, 90.0, 90.0, 90.0, 90.0, 100, 100, 100, 100, 100, 100, 100, 100, 100, 100, 100, 100, 100, 100, 100, 100, 100, 100, 100, 100, 100, 100, 100, 100, 100, 100, 30.0, 100, 100, 100], "game_time": [190, 322, 190, 190, 183, 197, 194, 190, 188, 195, 191, 354, 554, 335, 343, 162, 183, 343, 195, 190, 195, 343, 593, 195, 183, 195, 354, 190, 195, 190, 191, 190, 343, 221, 221, 409, 190, 333, 190, 343, 183, 195, 183, 343, 323, 343, 183, 312, 190, 181, 191, 354, 196, 183, 221, 190, 175, 304, 318, 343, 377, 200, 190, 197, 354, 190, 382, 315, 354, 190, 195, 321, 195, 195, 181, 191, 333, 196, 195, 195, 190, 195, 195, 343, 191, 190, 195, 195, 195, 190, 343, 195, 190, 183, 190, 191, 307, 195, 221, 190]}
{"fitness": [66.05457939139342, 57.16226955283406, 56.614805601002274, 57.16226955283406, 57.16226955283406, 57.16226955283406, 57.752975927839515, 3.130703086866226, 57.752975927839515, 57.16226955283406, 3.1858694681749338, 21.752975927839515, 3.1858694681749338, 12.790513847158579, 12.237948617219823, 12.732141840936672, 12.256996812190518, 57.22544845445559, 57.16226955283406, 20.986284843957197, 12.790513847158579, 66.05457939139342, 39.71679627126201, 12.790513847158579, 12.74772657195337, 12.76355803717005, 12.774253326286798, 57.16226955283406, 21.752975927839515, 39.71679627126201, 12.742504627972219, 21.752975927839515, 12.790513847158579, 12.790513847158579, 21.747726571953372, 12.774253326286798, 21.752975927839515, 30.752975927839515, 12.237948617219823, 57.16226955283406, 12.790513847158579, 56.614805601002274, 3.067754812551989, 12.790513847158579, 12.732141840936672, 12.790513847158579, 21.752975927839515, 12.742504627972219, 12.790513847158579, 21.747726571953372, 3.3029065134945954, 12.74772657195337, 21.752975927839515, 21.752975927839515, 3.752975927839514, 3.752975927839514, 3.752975927839514, 3.2223476767773436, 3.727000441436253, 3.752975927839514, 3.130703086866226, 12.790513847158579, 3.8352140260764855, 12.790513847158579, 3.7582529849403574, 3.752975927839514, 3.067754812551989, 3.299556426609313, 3.231679004206228, 3.6018372984822475, 21.752975927839515, 21.752975927839515, 12.801502968734173, 3.6018372984822475, 3.31302464366018, 3.727000441436253, 3.6018372984822475, 3.8352140260764855, 3.2131026186332923, 3.130703086866226, 3.7582529849403574, 3.2131026186332923, 12.790513847158579, 3.130703086866226, 3.752975927839514, 3.130703086866226, 3.752975927839514, 3.3029065134945954, 3.31302464366018, 3.752975927839514, 3.130703086866226, 3.752975927839514, 3.299556426609313, 3.231679004206228, 3.130703086866226, 3.0545793913934247, 3.2223476767773436, 3.752975927839514, 1e-06, 1e-06], "player_life": [0, 0, 0, 0, 0, 0, 0, 0, 0, 0, 0, 0, 0, 0, 0, 0, 0, 0, 0, 0, 0, 0, 0, 0, 0, 0, 0, 0, 0, 0, 0, 0, 0, 0, 0, 0, 0, 0, 0, 0, 0, 0, 0, 0, 0, 0, 0, 0, 0, 0, 0, 0, 0, 0, 0, 0, 0, 0, 0, 0, 0, 0, 0, 0, 0, 0, 0, 0, 0, 0, 0, 0, 0, 0, 0, 0, 0, 0, 0, 0, 0, 0, 0, 0, 0, 0, 0, 0, 0, 0, 0, 0, 0, 0, 0, 0, 0, 0, 0, 0], "enemy_life": [20.0, 30.0, 30.0, 80.0, 90.0, 100, 80.0, 90.0, 30.0, 30.0, 90.0, 100, 60.0, 80.0, 80.0, 30.0, 80.0, 30.0, 30.0, 70.0, 90.0, 100, 90.0, 80.0, 90.0, 80.0, 100, 30.0, 70.0, 50.0, 80.0, 70.0, 90.0, 80.0, 70.0, 80.0, 70.0, 60.0, 100, 100, 80.0, 90.0, 90.0, 80.0, 80.0, 90.0, 100, 80.0, 100, 100, 90.0, 80.0, 30.0, 70.0, 90.0, 90.0, 100, 90.0, 90.0, 90.0, 90.0, 80.0, 100, 100, 90.0, 90.0, 100, 90.0, 30.0, 90.0, 100, 70.0, 80.0, 100, 90.0, 30.0, 90.0, 90.0, 100, 90.0, 100, 90.0, 80.0, 80.0, 100, 90.0, 90.0, 100, 70.0, 100, 70.0, 100, 90.0, 90.0, 90.0, 90.0, 100, 90.0, 100, 100], "game_time": [382, 343, 593, 341, 190, 343, 183, 354, 190, 343, 335, 195, 197, 183, 318, 343, 312, 322, 343, 409, 196, 195, 354, 183, 190, 188, 354, 343, 190, 197, 183, 190, 354, 183, 191, 186, 190, 190, 554, 195, 183, 162, 377, 183, 194, 354, 195, 192, 354, 343, 298, 191, 221, 190, 190, 190, 183, 323, 195, 190, 315, 183, 191, 304, 189, 190, 195, 295, 332, 221, 195, 190, 181, 343, 295, 343, 221, 175, 191, 354, 309, 326, 183, 183, 343, 354, 190, 195, 221, 195, 200, 343, 299, 320, 354, 382, 333, 190, 191, 195]}
{"fitness": [75.05457939139342, 56.614805601002274, 66.70669517527551, 12.76355803717005, 56.614805601002274, 12.732141840936672, 21.752975927839515, 66.70669517527551, 57.16226955283406, 57.16226955283406, 57.752975927839515, 57.16226955283406, 3.752975927839514, 21.752975927839515, 57.21310261863329, 12.732141840936672, 21.752975927839515, 21.747726571953372, 21.752975927839515, 57.16226955283406, 57.752975927839515, 3.8352140260764855, 39.71679627126201, 57.16226955283406, 12.790513847158579, 30.752975927839515, 57.22544845445559, 12.801502968734173, 57.16226955283406, 57.159358342626604, 21.752975927839515, 12.237948617219823, 57.16226955283406, 66.05457939139342, 57.73214184093667, 12.774253326286798, 75.05457939139342, 57.16226955283406, 57.21310261863329, 21.752975927839515, 12.74772657195337, 57.16226955283406, 12.742504627972219, 57.16226955283406, 12.790513847158579, 57.159358342626604, 12.790513847158579, 57.16226955283406, 12.790513847158579, 66.05457939139342, 12.237948617219823, 39.71679627126201, 3.8352140260764855, 29.385274399796238, 57.16226955283406, 57.16226955283406, 21.752975927839515, 21.747726571953372, 21.752975927839515, 3.130703086866226, 3.6018372984822475, 3.1858694681749338, 21.752975927839515, 57.73214184093667, 21.752975927839515, 57.16226955283406, 57.16226955283406, 3.31302464366018, 21.752975927839515, 3.2223476767773436, 12.790513847158579, 12.256996812190518, 12.790513847158579, 12.790513847158579, 3.752975927839514, 3.130703086866226, 29.385274399796238, 3.752975927839514, 20.986284843957197, 57.16226955283406, 3.2131026186332923, 3.130703086866226, 12.790513847158579, 12.790513847158579, 21.752975927839515, 12.790513847158579, 12.790513847158579, 3.752975927839514, 3.752975927839514, 3.7635580371700508, 2.6774347600727157, 21.752975927839515, 3.2131026186332923, 12.790513847158579, 12.74772657195337, 12.774253326286798, 3.752975927839514, 3.286267194490631, 3.752975927839514, 12.790513847158579], "player_life": [0, 0, 0, 0, 0, 0, 0, 0, 0, 0, 0, 0, 0, 0, 0, 0, 0, 0, 0, 0, 0, 0, 0, 0, 0, 0, 0, 0, 0, 0, 0, 0, 0, 0, 0, 0, 0, 0, 0, 0, 0, 0, 0, 0, 0, 0, 0, 0, 0, 0, 0, 0, 0, 0, 0, 0, 0, 0, 0, 0, 0, 0, 0, 0, 0, 0, 0, 0, 0, 0, 0, 0, 0, 0, 0, 0, 0, 0, 0, 0, 0, 0, 0, 0, 0, 0, 0, 0, 0, 0, 0, 0, 0, 0, 0, 0, 0, 0, 0, 0], "enemy_life": [10.0, 30.0, 90.0, 80.0, 90.0, 30.0, 100, 20.0, 30.0, 90.0, 30.0, 90.0, 90.0, 30.0, 30.0, 80.0, 70.0, 70.0, 100, 30.0, 80.0, 90.0, 90.0, 30.0, 90.0, 60.0, 30.0, 80.0, 30.0, 30.0, 70.0, 100, 100, 20.0, 70.0, 100, 100, 80.0, 80.0, 100, 90.0, 30.0, 80.0, 30.0, 80.0, 100, 100, 100, 90.0, 100, 80.0, 50.0, 100, 30.0, 30.0, 100, 100, 100, 70.0, 90.0, 90.0, 90.0, 70.0, 30.0, 70.0, 100, 30.0, 70.0, 100, 100, 80.0, 80.0, 80.0, 80.0, 100, 90.0, 60.0, 100, 70.0, 100, 100, 90.0, 80.0, 90.0, 70.0, 80.0, 80.0, 100, 90.0, 90.0, 90.0, 70.0, 90.0, 100, 80.0, 80.0, 90.0, 100, 90.0, 80.0], "game_time": [382, 593, 354, 188, 162, 343, 195, 199, 343, 198, 190, 190, 190, 221, 326, 194, 190, 191, 195, 343, 183, 175, 354, 343, 196, 190, 322, 181, 343, 344, 190, 554, 345, 382, 190, 354, 186, 341, 183, 326, 190, 343, 183, 343, 183, 810, 304, 323, 354, 195, 318, 197, 191, 343, 343, 354, 195, 343, 190, 354, 221, 335, 190, 194, 190, 195, 343, 221, 183, 333, 183, 312, 183, 183, 183, 354, 746, 302, 409, 343, 191, 354, 183, 354, 190, 183, 183, 343, 190, 188, 557, 190, 326, 354, 191, 186, 190, 343, 190, 183]}
{"fitness": [75.05457939139342, 39.71679627126201, 57.16226955283406, 57.16226955283406, 57.16226955283406, 57.16226955283406, 57.752975927839515, 56.614805601002274, 66.17695410451698, 12.790513847158579, 57.16226955283406, 57.73214184093667, 66.05457939139342, 57.21310261863329, 57.16226955283406, 12.774253326286798, 12.732141840936672, 12.790513847158579, 66.05457939139342, 57.16226955283406, 57.16226955283406, 57.16226955283406, 57.22544845445559, 12.801502968734173, 57.16226955283406, 21.752975927839515, 57.21310261863329, 21.752975927839515, 21.752975927839515, 57.752975927839515, 29.385274399796238, 57.16226955283406, 12.237948617219823, 57.16226955283406, 57.16226955283406, 12.74772657195337, 57.16226955283406, 30.752975927839515, 66.70669517527551, 39.71679627126201, 3.130703086866226, 12.732141840936672, 75.05457939139342, 21.752975927839515, 12.790513847158579, 21.752975927839515, 57.159358342626604, 21.752975927839515, 66.70669517527551, 12.790513847158579, 3.752975927839514, 57.16226955283406, 57.16226955283406, 21.752975927839515, 21.752975927839515, 12.790513847158579, 12.790513847158579, 21.752975927839515, 66.17695410451698, 21.752975927839515, 57.16226955283406, 56.614805601002274, 12.279688223392588, 57.73214184093667, 3.130703086866226, 57.16226955283406, 57.159358342626604, 12.790513847158579, 12.76355803717005, 12.790513847158579, 12.790513847158579, 29.385274399796238, 57.16226955283406, 12.774253326286798, 12.742504627972219, 12.74772657195337, 12.790513847158579, 39.601837298482245, 12.774253326286798, 57.16226955283406, 3.6018372984822475, 21.752975927839515, 3.130703086866226, 21.747726571953372, 21.752975927839515, 12.790513847158579, 3.752975927839514, 3.8352140260764855, 21.752975927839515, 12.790513847158579, 12.279688223392588, 21.752975927839515, 39.601837298482245, 12.790513847158579, 3.1858694681749338, 3.2223476767773436, 21.752975927839515, 2.6774347600727157, 3.2131026186332923, 3.2131026186332923], "player_life": [0, 0, 0, 0, 0, 0, 0, 0, 0, 0, 0, 0, 0, 0, 0, 0, 0, 0, 0, 0, 0, 0, 0, 0, 0, 0, 0, 0, 0, 0, 0, 0, 0, 0, 0, 0, 0, 0, 0, 0, 0, 0, 0, 0, 0, 0, 0, 0, 0, 0, 0, 0, 0, 0, 0, 0, 0, 0, 0, 0, 0, 0, 0, 0, 0, 0, 0, 0, 0, 0, 0, 0, 0, 0, 0, 0, 0, 0, 0, 0, 0, 0, 0, 0, 0, 0, 0, 0, 0, 0, 0, 0, 0, 0, 0, 0, 0, 0, 0, 0], "enemy_life": [10.0, 90.0, 100, 80.0, 30.0, 30.0, 80.0, 90.0, 70.0, 80.0, 100, 70.0, 20.0, 80.0, 90.0, 30.0, 30.0, 90.0, 100, 30.0, 30.0, 30.0, 30.0, 80.0, 30.0, 70.0, 30.0, 90.0, 70.0, 30.0, 60.0, 30.0, 100, 90.0, 100, 90.0, 100, 60.0, 90.0, 50.0, 90.0, 80.0, 100, 100, 80.0, 70.0, 100, 70.0, 20.0, 80.0, 90.0, 30.0, 30.0, 100, 30.0, 80.0, 100, 70.0, 20.0, 70.0, 80.0, 30.0, 70.0, 30.0, 90.0, 100, 30.0, 90.0, 80.0, 90.0, 100, 30.0, 90.0, 80.0, 80.0, 80.0, 80.0, 50.0, 80.0, 30.0, 90.0, 70.0, 80.0, 100, 70.0, 80.0, 100, 90.0, 100, 80.0, 80.0, 100, 90.0, 80.0, 90.0, 100, 100, 90.0, 90.0, 100], "game_time": [382, 354, 195, 156, 343, 343, 183, 162, 221, 183, 354, 190, 382, 183, 198, 343, 343, 354, 195, 343, 343, 343, 322, 181, 343, 190, 326, 317, 190, 190, 746, 343, 554, 190, 183, 190, 345, 190, 354, 197, 354, 194, 186, 195, 183, 190, 810, 190, 199, 183, 190, 343, 343, 195, 221, 183, 191, 190, 338, 190, 341, 593, 293, 194, 354, 343, 344, 196, 188, 354, 354, 343, 354, 186, 183, 191, 183, 221, 186, 343, 221, 190, 183, 343, 190, 183, 183, 175, 183, 183, 305, 183, 181, 183, 335, 333, 326, 557, 326, 191]}
{"fitness": [75.05457939139342, 57.17695410451698, 56.614805601002274, 57.11389596854984, 57.159358342626604, 57.16226955283406, 12.279688223392588, 29.385274399796238, 66.05457939139342, 12.80704314910979, 39.71679627126201, 57.17695410451698, 57.16226955283406, 66.17695410451698, 66.17695410451698, 30.752975927839515, 57.16226955283406, 57.21310261863329, 75.05457939139342, 57.22544845445559, 30.159358342626604, 57.73214184093667, 30.73214184093667, 57.16226955283406, 21.752975927839515, 21.752975927839515, 12.790513847158579, 57.16226955283406, 57.73214184093667, 57.752975927839515, 21.752975927839515, 66.70669517527551, 57.16226955283406, 21.752975927839515, 57.16226955283406, 57.16226955283406, 57.16226955283406, 57.16226955283406, 12.76355803717005, 30.73214184093667, 57.16226955283406, 57.16226955283406, 57.16226955283406, 66.05457939139342, 57.752975927839515, 57.16226955283406, 12.279688223392588, 57.21310261863329, 56.614805601002274, 57.16226955283406, 57.16226955283406, 57.16226955283406, 3.130703086866226, 66.70669517527551, 57.16226955283406, 39.601837298482245, 57.16226955283406, 21.752975927839515, 57.159358342626604, 12.790513847158579, 12.774253326286798, 2.92006680490441, 21.752975927839515, 21.752975927839515, 39.71679627126201, 21.752975927839515, 12.732141840936672, 12.234808897215157, 21.752975927839515, 12.790513847158579, 57.16226955283406, 21.752975927839515, 39.601837298482245, 3.2223476767773436, 21.752975927839515, 12.732141840936672, 12.801502968734173, 21.752975927839515, 12.234808897215157, 30.159358342626604, 12.790513847158579, 57.11389596854984, 12.790513847158579, 21.752975927839515, 12.74772657195337, 21.752975927839515, 3.2131026186332923, 21.752975927839515, 21.752975927839515, 12.80704314910979, 29.385274399796238, 12.742504627972219, 3.130703086866226, 3.752975927839514, 12.790513847158579, 12.790513847158579, 2.92006680490441, 12.790513847158579, 12.790513847158579, 12.74772657195337], "player_life": [0, 0, 0, 0, 0, 0, 0, 0, 0, 0, 0, 0, 0, 0, 0, 0, 0, 0, 0, 0, 0, 0, 0, 0, 0, 0, 0, 0, 0, 0, 0, 0, 0, 0, 0, 0, 0, 0, 0, 0, 0, 0, 0, 0, 0, 0, 0, 0, 0, 0, 0, 0, 0, 0, 0, 0, 0, 0, 0, 0, 0, 0, 0, 0, 0, 0, 0, 0, 0, 0, 0, 0, 0, 0, 0, 0, 0, 0, 0, 0, 0, 0, 0, 0, 0, 0, 0, 0, 0, 0, 0, 0, 0, 0, 0, 0, 0, 0, 0, 0], "enemy_life": [10.0, 10.0, 90.0, 30.0, 100, 30.0, 70.0, 60.0, 20.0, 80.0, 50.0, 30.0, 100, 70.0, 20.0, 60.0, 90.0, 30.0, 100, 30.0, 100, 70.0, 100, 80.0, 70.0, 100, 80.0, 100, 30.0, 30.0, 70.0, 20.0, 30.0, 100, 30.0, 100, 30.0, 30.0, 80.0, 60.0, 30.0, 100, 30.0, 100, 80.0, 90.0, 80.0, 80.0, 30.0, 100, 30.0, 30.0, 90.0, 90.0, 30.0, 50.0, 80.0, 70.0, 30.0, 80.0, 30.0, 90.0, 70.0, 100, 90.0, 30.0, 80.0, 30.0, 100, 80.0, 90.0, 100, 90.0, 100, 70.0, 30.0, 80.0, 70.0, 80.0, 60.0, 100, 70.0, 80.0, 70.0, 90.0, 70.0, 100, 60.0, 100, 100, 30.0, 80.0, 90.0, 100, 90.0, 80.0, 100, 80.0, 90.0, 80.0], "game_time": [382, 304, 162, 360, 810, 343, 293, 746, 382, 180, 197, 338, 354, 221, 338, 190, 190, 326, 186, 322, 200, 190, 322, 341, 190, 195, 183, 183, 194, 190, 190, 199, 343, 195, 343, 195, 343, 343, 188, 194, 343, 343, 343, 195, 183, 354, 305, 183, 593, 345, 343, 343, 354, 354, 343, 221, 156, 190, 344, 183, 343, 437, 190, 183, 354, 221, 194, 343, 326, 183, 198, 195, 181, 333, 190, 343, 181, 190, 319, 344, 190, 323, 183, 190, 190, 190, 191, 192, 183, 354, 343, 183, 354, 191, 354, 183, 354, 183, 354, 191]}
{"fitness": [75.05457939139342, 12.279688223392588, 12.790513847158579, 57.16226955283406, 12.790513847158579, 21.711732969305466, 12.234808897215157, 30.73214184093667, 57.11389596854984, 57.16226955283406, 57.16226955283406, 57.16226955283406, 21.752975927839515, 57.73214184093667, 12.790513847158579, 57.16226955283406, 56.614805601002274, 57.752975927839515, 30.752975927839515, 21.752975927839515, 75.05457939139342, 57.16226955283406, 2.92006680490441, 39.601837298482245, 29.385274399796238, 39.71679627126201, 56.614805601002274, 57.16226955283406, 57.11389596854984, 39.71679627126201, 57.16226955283406, 21.752975927839515, 12.790513847158579, 66.70669517527551, 57.16226955283406, 57.16226955283406, 21.752975927839515, 30.73214184093667, 3.130703086866226, 21.752975927839515, 21.752975927839515, 3.130703086866226, 57.16226955283406, 57.16226955283406, 57.17695410451698, 57.17695410451698, 12.279688223392588, 57.16226955283406, 57.752975927839515, 3.752975927839514, 30.159358342626604, 66.05457939139342, 66.17695410451698, 57.16226955283406, 57.159358342626604, 57.16226955283406, 57.16226955283406, 66.05457939139342, 12.732141840936672, 66.70669517527551, 12.790513847158579, 66.17695410451698, 21.752975927839515, 21.752975927839515, 21.801502968734173, 57.16226955283406, 57.16226955283406, 57.22544845445559, 57.16226955283406, 21.752975927839515, 12.790513847158579, 57.21310261863329, 30.159358342626604, 12.790513847158579, 57.16226955283406, 57.16226955283406, 12.790513847158579, 12.742504627972219, 11.824132729894238, 29.385274399796238, 57.16226955283406, 21.752975927839515, 21.752975927839515, 57.159358342626604, 21.801502968734173, 3.130703086866226, 12.76355803717005, 21.752975927839515, 57.73214184093667, 57.21310261863329, 12.74772657195337, 12.732141840936672, 21.752975927839515, 12.790513847158579, 12.790513847158579, 57.16226955283406, 12.234808897215157, 12.876036020596741, 21.752975927839515, 12.774253326286798], "player_life": [0, 0, 0, 0, 0, 0, 0, 0, 0, 0, 0, 0, 0, 0, 0, 0, 0, 0, 0, 0, 0, 0, 0, 0, 0, 0, 0, 0, 0, 0, 0, 0, 0, 0, 0, 0, 0, 0, 0, 0, 0, 0, 0, 0, 0, 0, 0, 0, 0, 0, 0, 0, 0, 0, 0, 0, 0, 0, 0, 0, 0, 0, 0, 0, 0, 0, 0, 0, 0, 0, 0, 0, 0, 0, 0, 0, 0, 0, 0, 0, 0, 0, 0, 0, 0, 0, 0, 0, 0, 0, 0, 0, 0, 0, 0, 0, 0, 0, 0, 0], "enemy_life": [10.0, 70.0, 80.0, 100, 80.0, 70.0, 80.0, 60.0, 70.0, 80.0, 100, 30.0, 60.0, 30.0, 80.0, 30.0, 90.0, 30.0, 60.0, 100, 100, 30.0, 90.0, 50.0, 30.0, 90.0, 30.0, 100, 30.0, 50.0, 30.0, 90.0, 80.0, 90.0, 30.0, 90.0, 100, 100, 90.0, 100, 70.0, 80.0, 90.0, 30.0, 10.0, 30.0, 80.0, 90.0, 80.0, 100, 100, 100, 20.0, 30.0, 100, 100, 100, 20.0, 30.0, 20.0, 80.0, 70.0, 70.0, 100, 100, 30.0, 30.0, 30.0, 30.0, 70.0, 80.0, 80.0, 60.0, 100, 30.0, 30.0, 30.0, 80.0, 80.0, 60.0, 80.0, 70.0, 30.0, 30.0, 70.0, 90.0, 80.0, 100, 70.0, 30.0, 90.0, 80.0, 70.0, 80.0, 80.0, 100, 30.0, 80.0, 70.0, 30.0], "game_time": [382, 293, 183, 195, 183, 198, 319, 194, 323, 156, 343, 343, 192, 194, 183, 343, 162, 190, 190, 183, 186, 343, 437, 221, 343, 354, 593, 195, 360, 197, 343, 190, 183, 354, 343, 354, 195, 322, 354, 195, 190, 588, 190, 343, 304, 338, 305, 198, 183, 323, 200, 195, 338, 343, 810, 354, 354, 382, 343, 199, 183, 221, 190, 183, 221, 343, 343, 322, 343, 190, 183, 183, 344, 190, 343, 343, 343, 183, 163, 746, 341, 190, 221, 344, 181, 354, 188, 326, 190, 326, 190, 194, 190, 183, 183, 183, 343, 168, 190, 343]}
{"fitness": [94.02326625757942, 57.16226955283406, 75.05457939139342, 75.05457939139342, 57.159358342626604, 57.16226955283406, 57.16226955283406, 57.16226955283406, 66.05457939139342, 21.752975927839515, 30.73214184093667, 21.752975927839515, 12.790513847158579, 57.16226955283406, 66.16226955283406, 12.790513847158579, 66.05457939139342, 57.21310261863329, 21.801502968734173, 57.16226955283406, 57.16226955283406, 57.16226955283406, 21.752975927839515, 66.16226955283406, 12.790513847158579, 57.11389596854984, 57.16226955283406, 57.16226955283406, 57.16226955283406, 56.614805601002274, 30.330119077019482, 57.16226955283406, 30.159358342626604, 29.385274399796238, 57.16226955283406, 12.790513847158579, 57.73214184093667, 66.70669517527551, 57.16226955283406, 2.92006680490441, 94.02326625757942, 57.16226955283406, 39.71679627126201, 21.200907345539473, 57.16226955283406, 57.73214184093667, 57.16226955283406, 57.16226955283406, 66.17695410451698, 3.752975927839514, 30.752975927839515, 57.16226955283406, 57.21310261863329, 57.22544845445559, 12.790513847158579, 30.73214184093667, 57.17695410451698, 12.790513847158579, 21.752975927839515, 12.774253326286798, 21.200907345539473, 57.16226955283406, 39.71679627126201, 12.790513847158579, 3.752975927839514, 21.752975927839515, 57.11389596854984, 66.16226955283406, 30.159358342626604, 21.752975927839515, 30.04416263053517, 21.752975927839515, 12.742504627972219, 57.16226955283406, 21.801502968734173, 21.711732969305466, 12.279688223392588, 66.16226955283406, 57.752975927839515, 57.159358342626604, 12.234808897215157, 57.17695410451698, 30.330119077019482, 66.17695410451698, 12.732141840936672, 3.752975927839514, 57.752975927839515, 12.876036020596741, 57.16226955283406, 30.04416263053517, 12.790513847158579, 21.752975927839515, 12.790513847158579, 21.752975927839515, 66.70669517527551, 57.16226955283406, 3.130703086866226, 21.752975927839515, 3.752975927839514, 12.234808897215157], "player_life": [90, 0, 0, 0, 0, 0, 0, 0, 0, 0, 0, 0, 0, 0, 0, 0, 0, 0, 0, 0, 0, 0, 0, 0, 0, 0, 0, 0, 0, 0, 0, 0, 0, 0, 0, 0, 0, 0, 0, 0, 0, 0, 0, 0, 0, 0, 0, 0, 0, 0, 0, 0, 0, 0, 0, 0, 0, 0, 0, 0, 0, 0, 0, 0, 0, 0, 0, 0, 0, 0, 0, 0, 0, 0, 0, 0, 0, 0, 0, 0, 0, 0, 0, 0, 0, 0, 0, 0, 0, 0, 0, 0, 0, 0, 0, 0, 0, 0, 0, 0], "enemy_life": [0, 100, 100, 10.0, 100, 80.0, 30.0, 100, 20.0, 70.0, 100, 90.0, 80.0, 100, 20.0, 80.0, 100, 30.0, 70.0, 90.0, 90.0, 30.0, 100, 20.0, 30.0, 70.0, 100, 90.0, 30.0, 30.0, 60.0, 30.0, 100, 30.0, 30.0, 80.0, 30.0, 90.0, 100, 90.0, 100, 30.0, 50.0, 70.0, 80.0, 70.0, 30.0, 30.0, 20.0, 100, 60.0, 30.0, 80.0, 30.0, 80.0, 60.0, 10.0, 100, 30.0, 30.0, 100, 30.0, 90.0, 80.0, 90.0, 100, 30.0, 100, 60.0, 70.0, 60.0, 60.0, 80.0, 30.0, 100, 70.0, 70.0, 100, 80.0, 30.0, 30.0, 30.0, 80.0, 70.0, 80.0, 90.0, 30.0, 80.0, 30.0, 30.0, 80.0, 70.0, 80.0, 70.0, 20.0, 100, 90.0, 100, 90.0, 80.0], "game_time": [145, 354, 186, 382, 810, 156, 343, 354, 382, 190, 322, 190, 183, 183, 343, 183, 195, 326, 181, 354, 190, 343, 183, 343, 343, 323, 195, 198, 343, 593, 290, 343, 200, 343, 343, 183, 194, 354, 343, 437, 336, 343, 197, 330, 341, 190, 343, 343, 338, 333, 190, 343, 183, 322, 183, 194, 304, 195, 221, 343, 188, 343, 354, 183, 190, 195, 360, 195, 344, 190, 386, 192, 183, 343, 221, 198, 293, 195, 183, 344, 343, 338, 183, 221, 194, 303, 190, 168, 343, 343, 183, 190, 183, 190, 199, 195, 354, 326, 190, 319]}
{"fitness": [94.02326625757942, 57.16226955283406, 57.22544845445559, 30.159358342626604, 57.16226955283406, 57.16226955283406, 66.16226955283406, 66.70669517527551, 56.614805601002274, 57.16226955283406, 57.16226955283406, 75.05457939139342, 12.234808897215157, 57.16226955283406, 21.752975927839515, 12.790513847158579, 12.790513847158579, 21.752975927839515, 57.752975927839515, 66.05457939139342, 57.22544845445559, 57.16226955283406, 57.16226955283406, 57.16226955283406, 57.16226955283406, 57.16226955283406, 57.16226955283406, 21.752975927839515, 57.17695410451698, 66.70669517527551, 30.752975927839515, 21.752975927839515, 12.790513847158579, 57.16226955283406, 57.159358342626604, 57.73214184093667, 57.21310261863329, 66.05457939139342, 57.16226955283406, 30.04416263053517, 57.16226955283406, 66.17695410451698, 94.02326625757942, 66.16226955283406, 75.05457939139342, 57.16226955283406, 21.752975927839515, 57.16226955283406, 57.03899466037673, 57.16226955283406, 57.03899466037673, 39.71679627126201, 57.11389596854984, 66.16226955283406, 57.16226955283406, 3.2100398291027465, 21.200907345539473, 57.16226955283406, 21.752975927839515, 30.73214184093667, 57.159358342626604, 57.752975927839515, 57.16226955283406, 21.200907345539473, 29.385274399796238, 21.752975927839515, 57.16226955283406, 57.16226955283406, 21.752975927839515, 21.79051384715858, 57.21310261863329, 57.16226955283406, 39.71679627126201, 57.16226955283406, 66.17695410451698, 57.17695410451698, 21.752975927839515, 57.11389596854984, 30.73214184093667, 12.876036020596741, 66.16226955283406, 30.330119077019482, 12.774253326286798, 57.16226955283406, 21.801502968734173, 57.22544845445559, 3.130703086866226, 57.73214184093667, 57.16226955283406, 57.16226955283406, 21.752975927839515, 12.790513847158579, 57.16226955283406, 12.742504627972219, 12.790513847158579, 21.752975927839515, 30.159358342626604, 21.79051384715858, 21.711732969305466, 30.04416263053517], "player_life": [90, 0, 0, 0, 0, 0, 0, 0, 0, 0, 0, 0, 0, 0, 0, 0, 0, 0, 0, 0, 0, 0, 0, 0, 0, 0, 0, 0, 0, 0, 0, 0, 0, 0, 0, 0, 0, 0, 0, 0, 0, 0, 0, 0, 0, 0, 0, 0, 0, 0, 0, 0, 0, 0, 0, 0, 0, 0, 0, 0, 0, 0, 0, 0, 0, 0, 0, 0, 0, 0, 0, 0, 0, 0, 0, 0, 0, 0, 0, 0, 0, 0, 0, 0, 0, 0, 0, 0, 0, 0, 0, 0, 0, 0, 0, 0, 0, 0, 0, 0], "enemy_life": [0, 30.0, 30.0, 100, 30.0, 80.0, 100, 90.0, 30.0, 70.0, 80.0, 100, 80.0, 30.0, 70.0, 100, 80.0, 70.0, 80.0, 20.0, 30.0, 100, 30.0, 30.0, 30.0, 30.0, 100, 90.0, 10.0, 20.0, 60.0, 70.0, 80.0, 90.0, 30.0, 70.0, 30.0, 100, 30.0, 60.0, 100, 70.0, 100, 20.0, 10.0, 100, 100, 100, 30.0, 100, 90.0, 50.0, 70.0, 100, 100, 90.0, 70.0, 90.0, 70.0, 100, 100, 30.0, 100, 100, 30.0, 100, 30.0, 30.0, 100, 100, 80.0, 30.0, 90.0, 30.0, 20.0, 30.0, 60.0, 30.0, 60.0, 80.0, 20.0, 60.0, 30.0, 30.0, 70.0, 30.0, 90.0, 30.0, 30.0, 30.0, 30.0, 80.0, 90.0, 80.0, 80.0, 70.0, 60.0, 70.0, 70.0, 30.0], "game_time": [145, 343, 322, 200, 343, 341, 195, 354, 593, 190, 156, 186, 319, 343, 190, 195, 183, 190, 183, 382, 343, 191, 343, 343, 343, 343, 195, 190, 304, 199, 190, 190, 183, 198, 344, 190, 326, 195, 343, 386, 195, 221, 336, 343, 382, 183, 195, 354, 388, 195, 327, 197, 323, 195, 343, 327, 330, 190, 190, 322, 810, 190, 354, 188, 343, 183, 343, 343, 195, 195, 183, 343, 354, 343, 338, 338, 192, 360, 194, 168, 343, 290, 343, 343, 181, 322, 354, 194, 343, 343, 221, 183, 354, 183, 183, 190, 344, 183, 198, 343]}
{"fitness": [94.02326625757942, 57.16226955283406, 21.752975927839515, 57.16226955283406, 57.16226955283406, 57.16226955283406, 21.752975927839515, 12.790513847158579, 57.73214184093667, 66.16226955283406, 21.752975927839515, 57.16226955283406, 66.05457939139342, 57.752975927839515, 21.706695175275506, 57.16226955283406, 66.05457939139342, 57.21003982910275, 21.200907345539473, 75.05457939139342, 57.16226955283406, 57.16226955283406, 57.17695410451698, 57.22544845445559, 94.02326625757942, 66.70669517527551, 66.17695410451698, 66.70669517527551, 75.05457939139342, 39.71679627126201, 57.16226955283406, 57.16226955283406, 57.16226955283406, 30.04416263053517, 57.16226955283406, 57.17695410451698, 12.17695410451698, 21.752975927839515, 57.16226955283406, 66.16226955283406, 29.385274399796238, 21.711732969305466, 57.16226955283406, 57.752975927839515, 57.159358342626604, 57.21310261863329, 57.22544845445559, 57.21310261863329, 57.16226955283406, 57.16226955283406, 21.752975927839515, 66.17695410451698, 57.16226955283406, 57.16226955283406, 57.16226955283406, 56.614805601002274, 21.752975927839515, 57.16226955283406, 30.73214184093667, 21.79051384715858, 57.22544845445559, 21.752975927839515, 57.159358342626604, 57.16226955283406, 66.16226955283406, 21.752975927839515, 30.194865031083513, 57.16226955283406, 57.16226955283406, 57.286267194490634, 57.73214184093667, 21.801502968734173, 57.03899466037673, 57.03899466037673, 57.11389596854984, 21.752975927839515, 57.16226955283406, 57.11389596854984, 57.16226955283406, 12.234808897215157, 30.752975927839515, 12.790513847158579, 3.752975927839514, 57.286267194490634, 30.159358342626604, 3.299556426609313, 66.16226955283406, 21.752975927839515, 57.16226955283406, 21.752975927839515, 57.21003982910275, 57.16226955283406, 29.976552407038966, 30.73214184093667, 12.876036020596741, 21.200907345539473, 30.159358342626604, 3.2410982261227197, 29.976552407038966, 30.330119077019482], "player_life": [90, 0, 0, 0, 0, 0, 0, 0, 0, 0, 0, 0, 0, 0, 0, 0, 0, 0, 0, 0, 0, 0, 0, 0, 0, 0, 0, 0, 0, 0, 0, 0, 0, 0, 0, 0, 0, 0, 0, 0, 0, 0, 0, 0, 0, 0, 0, 0, 0, 0, 0, 0, 0, 0, 0, 0, 0, 0, 0, 0, 0, 0, 0, 0, 0, 0, 0, 0, 0, 0, 0, 0, 0, 0, 0, 0, 0, 0, 0, 0, 0, 0, 0, 0, 0, 0, 0, 0, 0, 0, 0, 0, 0, 0, 0, 0, 0, 0, 0, 0], "enemy_life": [0, 90.0, 100, 100, 70.0, 100, 100, 80.0, 30.0, 100, 70.0, 30.0, 20.0, 80.0, 70.0, 30.0, 100, 30.0, 70.0, 10.0, 100, 30.0, 10.0, 30.0, 100, 90.0, 70.0, 20.0, 100, 90.0, 30.0, 90.0, 30.0, 30.0, 30.0, 30.0, 80.0, 70.0, 30.0, 20.0, 30.0, 70.0, 100, 30.0, 30.0, 80.0, 30.0, 30.0, 100, 30.0, 70.0, 20.0, 30.0, 80.0, 100, 30.0, 70.0, 30.0, 60.0, 70.0, 30.0, 70.0, 100, 100, 20.0, 100, 60.0, 30.0, 90.0, 30.0, 70.0, 70.0, 30.0, 90.0, 70.0, 100, 80.0, 30.0, 30.0, 80.0, 60.0, 80.0, 90.0, 100, 60.0, 80.0, 100, 70.0, 100, 60.0, 90.0, 30.0, 100, 100, 80.0, 100, 100, 90.0, 60.0, 60.0], "game_time": [145, 354, 183, 191, 190, 195, 195, 183, 194, 195, 190, 343, 382, 183, 199, 343, 195, 327, 330, 382, 354, 343, 304, 343, 336, 354, 221, 199, 186, 354, 343, 190, 343, 343, 343, 338, 338, 190, 343, 343, 343, 198, 183, 190, 344, 183, 322, 326, 195, 343, 190, 338, 343, 341, 343, 593, 190, 343, 194, 183, 322, 190, 810, 195, 343, 183, 332, 343, 198, 303, 190, 181, 388, 327, 323, 195, 156, 360, 343, 319, 190, 183, 305, 195, 344, 563, 195, 190, 354, 192, 190, 343, 195, 322, 168, 188, 200, 317, 413, 290]}
{"fitness": [94.02326625757942, 75.05457939139342, 57.16226955283406, 29.976552407038966, 66.16226955283406, 57.752975927839515, 57.16226955283406, 21.752975927839515, 21.752975927839515, 57.16226955283406, 57.17695410451698, 3.752975927839514, 11.690081721773485, 21.79051384715858, 30.04416263053517, 57.22544845445559, 57.16226955283406, 57.16226955283406, 57.11389596854984, 30.752975927839515, 12.162269552834061, 57.73214184093667, 29.976552407038966, 57.16226955283406, 57.16226955283406, 66.16226955283406, 57.16226955283406, 57.159358342626604, 57.22544845445559, 66.16226955283406, 66.05457939139342, 57.16226955283406, 57.16226955283406, 21.752975927839515, 21.801502968734173, 57.159358342626604, 30.159358342626604, 57.16226955283406, 57.33011907701948, 57.16226955283406, 21.706695175275506, 57.16226955283406, 66.70669517527551, 57.16226955283406, 94.02326625757942, 21.752975927839515, 66.17695410451698, 29.385274399796238, 57.16226955283406, 57.03899466037673, 57.33011907701948, 57.16226955283406, 57.286267194490634, 21.752975927839515, 57.16226955283406, 57.16226955283406, 57.752975927839515, 57.21310261863329, 66.17695410451698, 57.21310261863329, 57.22544845445559, 57.16226955283406, 57.16226955283406, 30.73214184093667, 57.16226955283406, 30.194865031083513, 57.16226955283406, 30.330119077019482, 21.752975927839515, 57.16226955283406, 21.200907345539473, 57.73214184093667, 57.16226955283406, 3.299556426609313, 57.17695410451698, 56.614805601002274, 21.706695175275506, 57.21003982910275, 66.16226955283406, 3.326676732828507, 39.15645558296864, 12.790513847158579, 12.601837298482248, 12.876036020596741, 12.790513847158579, 66.05457939139342, 66.16226955283406, 21.752975927839515, 57.16226955283406, 12.790513847158579, 12.601837298482248, 12.234808897215157, 57.16226955283406, 57.16226955283406, 57.16226955283406, 21.706695175275506, 39.15645558296864, 30.73214184093667, 57.03899466037673, 21.752975927839515], "player_life": [90, 0, 0, 0, 0, 0, 0, 0, 0, 0, 0, 0, 0, 0, 0, 0, 0, 0, 0, 0, 0, 0, 0, 0, 0, 0, 0, 0, 0, 0, 0, 0, 0, 0, 0, 0, 0, 0, 0, 0, 0, 0, 0, 0, 0, 0, 0, 0, 0, 0, 0, 0, 0, 0, 0, 0, 0, 0, 0, 0, 0, 0, 0, 0, 0, 0, 0, 0, 0, 0, 0, 0, 0, 0, 0, 0, 0, 0, 0, 0, 0, 0, 0, 0, 0, 0, 0, 0, 0, 0, 0, 0, 0, 0, 0, 0, 0, 0, 0, 0], "enemy_life": [0, 10.0, 30.0, 100, 20.0, 30.0, 100, 100, 100, 30.0, 10.0, 90.0, 100, 70.0, 30.0, 30.0, 100, 30.0, 70.0, 60.0, 80.0, 30.0, 60.0, 100, 30.0, 20.0, 100, 100, 30.0, 100, 100, 80.0, 100, 70.0, 70.0, 30.0, 60.0, 30.0, 30.0, 30.0, 70.0, 30.0, 20.0, 30.0, 100, 70.0, 70.0, 30.0, 100, 90.0, 100, 90.0, 100, 100, 30.0, 30.0, 80.0, 80.0, 20.0, 30.0, 30.0, 30.0, 80.0, 100, 30.0, 60.0, 90.0, 60.0, 70.0, 70.0, 70.0, 70.0, 90.0, 80.0, 30.0, 30.0, 100, 90.0, 90.0, 90.0, 50.0, 80.0, 80.0, 80.0, 80.0, 20.0, 100, 100, 70.0, 80.0, 80.0, 80.0, 100, 100, 30.0, 70.0, 100, 60.0, 30.0, 60.0], "game_time": [145, 382, 343, 195, 343, 190, 183, 183, 195, 343, 304, 305, 343, 183, 343, 343, 343, 343, 323, 190, 343, 194, 413, 354, 343, 343, 343, 810, 322, 195, 195, 341, 195, 190, 181, 344, 344, 343, 290, 343, 199, 343, 199, 343, 336, 190, 221, 343, 195, 327, 192, 198, 195, 195, 343, 343, 183, 183, 338, 326, 322, 343, 156, 322, 343, 332, 354, 290, 190, 190, 330, 190, 190, 563, 338, 593, 343, 190, 290, 291, 345, 183, 624, 168, 183, 382, 195, 195, 190, 183, 221, 319, 191, 195, 343, 199, 343, 194, 388, 192]}
{"fitness": [94.02326625757942, 21.752975927839515, 66.17695410451698, 21.752975927839515, 57.16226955283406, 57.286267194490634, 57.16226955283406, 57.16226955283406, 57.21310261863329, 57.22544845445559, 57.16226955283406, 66.16226955283406, 57.16226955283406, 57.16226955283406, 57.16226955283406, 57.22544845445559, 21.752975927839515, 57.16226955283406, 57.159358342626604, 57.22544845445559, 57.16226955283406, 66.16226955283406, 57.03899466037673, 57.159358342626604, 66.05457939139342, 57.16226955283406, 57.16226955283406, 57.33011907701948, 57.03899466037673, 57.16226955283406, 57.16226955283406, 66.16226955283406, 21.752975927839515, 57.16226955283406, 66.05457939139342, 57.21003982910275, 57.16226955283406, 57.16226955283406, 57.16226955283406, 21.801502968734173, 75.05457939139342, 57.16226955283406, 12.790513847158579, 66.17695410451698, 66.16226955283406, 57.16226955283406, 21.200907345539473, 21.706695175275506, 94.02326625757942, 21.752975927839515, 57.16226955283406, 29.385274399796238, 57.16226955283406, 57.16226955283406, 21.752975927839515, 57.16226955283406, 57.11389596854984, 66.16226955283406, 57.16226955283406, 30.159358342626604, 57.752975927839515, 57.73214184093667, 57.17695410451698, 57.22544845445559, 57.752975927839515, 30.194865031083513, 21.706695175275506, 12.790513847158579, 57.22544845445559, 21.752975927839515, 57.21310261863329, 56.614805601002274, 21.752975927839515, 57.73214184093667, 21.752975927839515, 3.231679004206228, 57.16226955283406, 39.15645558296864, 57.17695410451698, 29.976552407038966, 21.752975927839515, 21.752975927839515, 57.16226955283406, 12.801502968734173, 57.16226955283406, 66.70669517527551, 21.706695175275506, 3.296217525343799, 39.15645558296864, 3.752975927839514, 21.752975927839515, 57.16226955283406, 57.33011907701948, 57.16226955283406, 30.752975927839515, 30.73214184093667, 12.790513847158579, 30.04416263053517, 57.16226955283406, 21.752975927839515], "player_life": [90, 0, 0, 0, 0, 0, 0, 0, 0, 0, 0, 0, 0, 0, 0, 0, 0, 0, 0, 0, 0, 0, 0, 0, 0, 0, 0, 0, 0, 0, 0, 0, 0, 0, 0, 0, 0, 0, 0, 0, 0, 0, 0, 0, 0, 0, 0, 0, 0, 0, 0, 0, 0, 0, 0, 0, 0, 0, 0, 0, 0, 0, 0, 0, 0, 0, 0, 0, 0, 0, 0, 0, 0, 0, 0, 0, 0, 0, 0, 0, 0, 0, 0, 0, 0, 0, 0, 0, 0, 0, 0, 0, 0, 0, 0, 0, 0, 0, 0, 0], "enemy_life": [0, 100, 20.0, 100, 100, 100, 30.0, 90.0, 30.0, 30.0, 30.0, 90.0, 100, 30.0, 100, 90.0, 100, 30.0, 100, 30.0, 100, 20.0, 30.0, 30.0, 20.0, 80.0, 30.0, 30.0, 90.0, 100, 30.0, 100, 70.0, 30.0, 100, 90.0, 70.0, 70.0, 30.0, 70.0, 10.0, 100, 80.0, 70.0, 100, 100, 70.0, 70.0, 100, 60.0, 100, 30.0, 30.0, 90.0, 70.0, 30.0, 70.0, 20.0, 70.0, 60.0, 80.0, 70.0, 10.0, 30.0, 30.0, 60.0, 100, 30.0, 30.0, 70.0, 80.0, 30.0, 70.0, 30.0, 100, 90.0, 30.0, 100, 30.0, 100, 100, 70.0, 30.0, 100, 30.0, 20.0, 70.0, 100, 50.0, 90.0, 70.0, 90.0, 100, 30.0, 60.0, 100, 80.0, 30.0, 80.0, 90.0], "game_time": [145, 183, 338, 195, 191, 195, 343, 190, 326, 322, 343, 290, 183, 343, 195, 137, 195, 343, 810, 322, 343, 343, 388, 344, 382, 341, 343, 290, 327, 195, 343, 195, 190, 343, 195, 190, 200, 190, 343, 181, 382, 195, 183, 221, 195, 195, 330, 199, 336, 192, 343, 343, 343, 354, 190, 343, 323, 343, 190, 344, 183, 190, 304, 343, 190, 332, 343, 200, 322, 190, 183, 593, 190, 194, 343, 320, 343, 343, 338, 195, 195, 190, 343, 343, 343, 199, 199, 333, 345, 190, 190, 198, 192, 343, 190, 322, 183, 343, 156, 189]}
{"fitness": [94.02326625757942, 57.16226955283406, 94.02326625757942, 57.73214184093667, 57.159358342626604, 57.17695410451698, 66.16226955283406, 21.801502968734173, 39.15645558296864, 66.16226955283406, 57.16226955283406, 57.73214184093667, 56.614805601002274, 57.22544845445559, 57.16226955283406, 57.16226955283406, 56.58654104283264, 21.752975927839515, 57.16226955283406, 57.22544845445559, 57.16226955283406, 21.752975927839515, 57.33011907701948, 57.16226955283406, 66.17695410451698, 29.385274399796238, 57.16226955283406, 21.752975927839515, 57.16226955283406, 29.976552407038966, 30.194865031083513, 57.21003982910275, 66.16226955283406, 66.17695410451698, 57.16226955283406, 57.16226955283406, 21.752975927839515, 3.296217525343799, 57.16226955283406, 57.22544845445559, 57.16226955283406, 30.04416263053517, 57.159358342626604, 21.200907345539473, 30.73214184093667, 57.16226955283406, 56.58654104283264, 66.05457939139342, 21.752975927839515, 56.964518567475245, 21.213102618633293, 57.17695410451698, 57.19486503108351, 56.964518567475245, 57.16226955283406, 57.16226955283406, 57.11389596854984, 21.752975927839515, 57.16226955283406, 66.16226955283406, 57.33011907701948, 57.22544845445559, 3.6018372984822475, 66.70669517527551, 21.752975927839515, 39.15645558296864, 57.22544845445559, 21.752975927839515, 57.03899466037673, 21.752975927839515, 57.19486503108351, 21.752975927839515, 57.16226955283406, 57.16226955283406, 57.286267194490634, 57.21310261863329, 57.22544845445559, 12.790513847158579, 21.706695175275506, 66.05457939139342, 12.790513847158579, 57.22544845445559, 21.752975927839515, 21.752975927839515, 3.247427361174367, 57.16226955283406, 57.752975927839515, 21.752975927839515, 57.16226955283406, 30.752975927839515, 21.213102618633293, 12.752975927839515, 21.752975927839515, 30.711732969305466, 75.05457939139342, 57.03899466037673, 21.752975927839515, 30.159358342626604, 57.16226955283406, 57.16226955283406], "player_life": [90, 0, 0, 0, 0, 0, 0, 0, 0, 0, 0, 0, 0, 0, 0, 0, 0, 0, 0, 0, 0, 0, 0, 0, 0, 0, 0, 0, 0, 0, 0, 0, 0, 0, 0, 0, 0, 0, 0, 0, 0, 0, 0, 0, 0, 0, 0, 0, 0, 0, 0, 0, 0, 0, 0, 0, 0, 0, 0, 0, 0, 0, 0, 0, 0, 0, 0, 0, 0, 0, 0, 0, 0, 0, 0, 0, 0, 0, 0, 0, 0, 0, 0, 0, 0, 0, 0, 0, 0, 0, 0, 0, 0, 0, 0, 0, 0, 0, 0, 0], "enemy_life": [0, 30.0, 100, 30.0, 30.0, 30.0, 100, 70.0, 50.0, 100, 30.0, 70.0, 30.0, 90.0, 30.0, 100, 30.0, 30.0, 30.0, 30.0, 30.0, 70.0, 100, 70.0, 70.0, 30.0, 70.0, 70.0, 90.0, 100, 60.0, 90.0, 20.0, 20.0, 100, 30.0, 30.0, 100, 30.0, 30.0, 90.0, 30.0, 100, 70.0, 100, 100, 100, 100, 60.0, 30.0, 70.0, 10.0, 100, 90.0, 100, 30.0, 70.0, 90.0, 100, 20.0, 30.0, 90.0, 90.0, 20.0, 70.0, 100, 30.0, 100, 30.0, 70.0, 30.0, 100, 80.0, 30.0, 100, 80.0, 30.0, 80.0, 70.0, 20.0, 80.0, 30.0, 100, 70.0, 90.0, 70.0, 30.0, 100, 30.0, 100, 90.0, 80.0, 70.0, 90.0, 10.0, 90.0, 70.0, 60.0, 100, 30.0], "game_time": [145, 343, 336, 194, 344, 338, 195, 181, 345, 195, 343, 190, 593, 354, 343, 195, 610, 194, 343, 322, 343, 190, 192, 190, 221, 343, 200, 190, 354, 195, 332, 190, 343, 338, 183, 343, 309, 333, 343, 322, 190, 343, 810, 330, 322, 195, 195, 195, 192, 418, 326, 304, 195, 335, 195, 343, 323, 159, 343, 343, 290, 137, 221, 199, 190, 343, 322, 336, 388, 190, 332, 195, 156, 343, 195, 183, 343, 183, 199, 382, 183, 322, 343, 190, 315, 190, 190, 343, 343, 333, 113, 190, 190, 190, 382, 327, 190, 344, 343, 343]}
{"fitness": [94.02326625757942, 57.752975927839515, 56.964518567475245, 57.19486503108351, 57.03899466037673, 57.19486503108351, 66.05457939139342, 57.21003982910275, 66.17695410451698, 57.22544845445559, 57.03899466037673, 66.16226955283406, 57.16226955283406, 57.17695410451698, 57.11389596854984, 57.16226955283406, 57.159358342626604, 57.22544845445559, 57.159358342626604, 57.16226955283406, 94.02326625757942, 66.16226955283406, 21.752975927839515, 57.16226955283406, 57.16226955283406, 57.17695410451698, 30.04416263053517, 66.17695410451698, 57.16226955283406, 30.159358342626604, 57.16226955283406, 57.286267194490634, 57.22544845445559, 57.16226955283406, 57.16226955283406, 57.22544845445559, 57.16226955283406, 57.16226955283406, 57.22544845445559, 30.194865031083513, 21.801502968734173, 30.752975927839515, 30.711732969305466, 39.15645558296864, 57.16226955283406, 21.752975927839515, 57.16226955283406, 21.200907345539473, 57.16226955283406, 21.752975927839515, 57.16226955283406, 66.16226955283406, 56.58654104283264, 57.16226955283406, 57.16226955283406, 57.16226955283406, 57.16226955283406, 21.752975927839515, 75.05457939139342, 57.16226955283406, 57.22544845445559, 56.58654104283264, 57.16226955283406, 57.16226955283406, 56.614805601002274, 12.752975927839515, 57.33011907701948, 56.964518567475245, 57.16226955283406, 57.16226955283406, 21.752975927839515, 21.752975927839515, 57.16226955283406, 66.70669517527551, 57.16226955283406, 57.21310261863329, 57.33011907701948, 66.16226955283406, 21.752975927839515, 29.385274399796238, 57.16226955283406, 66.05457939139342, 57.16226955283406, 30.73214184093667, 57.73214184093667, 21.752975927839515, 57.16226955283406, 21.752975927839515, 29.976552407038966, 21.213102618633293, 21.752975927839515, 57.73214184093667, 39.15645558296864, 12.790513847158579, 12.752975927839515, 57.22544845445559, 21.213102618633293, 21.752975927839515, 21.752975927839515, 12.790513847158579], "player_life": [90, 0, 0, 0, 0, 0, 0, 0, 0, 0, 0, 0, 0, 0, 0, 0, 0, 0, 0, 0, 0, 0, 0, 0, 0, 0, 0, 0, 0, 0, 0, 0, 0, 0, 0, 0, 0, 0, 0, 0, 0, 0, 0, 0, 0, 0, 0, 0, 0, 0, 0, 0, 0, 0, 0, 0, 0, 0, 0, 0, 0, 0, 0, 0, 0, 0, 0, 0, 0, 0, 0, 0, 0, 0, 0, 0, 0, 0, 0, 0, 0, 0, 0, 0, 0, 0, 0, 0, 0, 0, 0, 0, 0, 0, 0, 0, 0, 0, 0, 0], "enemy_life": [0, 30.0, 90.0, 30.0, 30.0, 100, 20.0, 90.0, 70.0, 90.0, 90.0, 20.0, 70.0, 10.0, 70.0, 30.0, 100, 30.0, 30.0, 30.0, 100, 20.0, 100, 30.0, 30.0, 30.0, 30.0, 20.0, 100, 60.0, 100, 100, 30.0, 100, 30.0, 30.0, 90.0, 30.0, 30.0, 60.0, 70.0, 100, 90.0, 100, 90.0, 70.0, 80.0, 70.0, 100, 70.0, 30.0, 100, 100, 100, 30.0, 100, 70.0, 70.0, 10.0, 100, 90.0, 30.0, 80.0, 30.0, 30.0, 80.0, 30.0, 30.0, 30.0, 80.0, 70.0, 100, 70.0, 20.0, 30.0, 80.0, 100, 100, 100, 30.0, 30.0, 100, 30.0, 100, 70.0, 90.0, 100, 70.0, 100, 70.0, 30.0, 30.0, 50.0, 80.0, 80.0, 30.0, 90.0, 60.0, 30.0, 80.0], "game_time": [145, 190, 335, 332, 388, 195, 382, 190, 221, 137, 327, 343, 200, 304, 323, 343, 810, 322, 344, 343, 336, 343, 343, 343, 343, 338, 343, 338, 343, 344, 343, 195, 322, 195, 343, 322, 190, 343, 343, 332, 181, 333, 190, 343, 354, 190, 183, 330, 183, 190, 343, 195, 195, 191, 343, 195, 190, 190, 382, 195, 354, 610, 156, 343, 593, 190, 290, 418, 343, 343, 190, 195, 190, 199, 343, 183, 192, 195, 336, 343, 343, 195, 343, 322, 190, 159, 221, 190, 195, 326, 309, 194, 345, 183, 190, 322, 113, 192, 194, 183]}
{"fitness": [94.02326625757942, 57.16226955283406, 57.16226955283406, 29.385274399796238, 57.16226955283406, 21.752975927839515, 57.22544845445559, 57.159358342626604, 57.73214184093667, 57.16226955283406, 56.964518567475245, 57.22544845445559, 57.16226955283406, 57.16226955283406, 48.752975927839515, 57.16226955283406, 66.16226955283406, 57.16226955283406, 61.69224472101786, 57.17695410451698, 12.76355803717005, 57.159358342626604, 61.69224472101786, 57.286267194490634, 30.60183729848225, 57.16226955283406, 57.11389596854984, 57.16226955283406, 57.16226955283406, 66.16226955283406, 94.02326625757942, 57.33011907701948, 21.752975927839515, 66.70669517527551, 57.16226955283406, 66.17695410451698, 57.22544845445559, 30.60183729848225, 21.752975927839515, 57.16226955283406, 57.16226955283406, 57.16226955283406, 57.19486503108351, 21.752975927839515, 57.19486503108351, 30.25699681219052, 21.213102618633293, 66.05457939139342, 57.16226955283406, 57.22544845445559, 21.801502968734173, 57.15356122494227, 57.17695410451698, 57.16226955283406, 57.21310261863329, 48.16226955283406, 57.16226955283406, 57.16226955283406, 57.21003982910275, 21.752975927839515, 66.16226955283406, 30.25699681219052, 57.03899466037673, 66.17695410451698, 21.752975927839515, 66.16226955283406, 57.16226955283406, 57.16226955283406, 39.15645558296864, 57.16226955283406, 56.58654104283264, 3.130703086866226, 56.964518567475245, 21.752975927839515, 56.614805601002274, 57.73214184093667, 21.752975927839515, 57.16226955283406, 21.752975927839515, 21.752975927839515, 12.790513847158579, 57.16226955283406, 57.16226955283406, 57.22544845445559, 57.16226955283406, 57.22544845445559, 57.16226955283406, 57.15356122494227, 30.04416263053517, 12.76355803717005, 57.33011907701948, 21.213102618633293, 12.790513847158579, 39.15645558296864, 21.752975927839515, 57.73214184093667, 57.16226955283406, 21.752975927839515, 21.752975927839515, 29.976552407038966], "player_life": [90, 0, 0, 0, 0, 0, 0, 0, 0, 0, 0, 0, 0, 0, 0, 0, 0, 0, 56, 0, 0, 0, 0, 0, 0, 0, 0, 0, 0, 0, 0, 0, 0, 0, 0, 0, 0, 0, 0, 0, 0, 0, 0, 0, 0, 0, 0, 0, 0, 0, 0, 0, 0, 0, 0, 0, 0, 0, 0, 0, 0, 0, 0, 0, 0, 0, 0, 0, 0, 0, 0, 0, 0, 0, 0, 0, 0, 0, 0, 0, 0, 0, 0, 0, 0, 0, 0, 0, 0, 0, 0, 0, 0, 0, 0, 0, 0, 0, 0, 0], "enemy_life": [0, 90.0, 30.0, 30.0, 30.0, 30.0, 30.0, 30.0, 30.0, 100, 30.0, 90.0, 100, 80.0, 30.0, 30.0, 100, 30.0, 30.0, 30.0, 100, 100, 70.0, 100, 60.0, 100, 70.0, 30.0, 30.0, 20.0, 100, 100, 70.0, 20.0, 30.0, 20.0, 30.0, 90.0, 100, 30.0, 100, 100, 100, 70.0, 30.0, 70.0, 90.0, 100, 30.0, 30.0, 70.0, 30.0, 10.0, 70.0, 80.0, 100, 30.0, 30.0, 90.0, 30.0, 100, 60.0, 30.0, 70.0, 100, 20.0, 70.0, 90.0, 50.0, 100, 30.0, 80.0, 90.0, 70.0, 30.0, 70.0, 90.0, 30.0, 70.0, 70.0, 80.0, 80.0, 30.0, 30.0, 70.0, 90.0, 100, 100, 30.0, 80.0, 30.0, 70.0, 80.0, 100, 60.0, 70.0, 30.0, 100, 70.0, 100], "game_time": [145, 190, 343, 343, 343, 343, 322, 344, 194, 195, 418, 137, 221, 343, 343, 343, 195, 343, 1000, 338, 195, 810, 190, 195, 221, 190, 323, 343, 343, 343, 336, 192, 190, 199, 343, 338, 322, 346, 195, 343, 183, 343, 195, 190, 332, 190, 113, 195, 343, 322, 181, 346, 304, 190, 183, 195, 343, 343, 190, 309, 195, 312, 388, 221, 333, 343, 190, 354, 345, 333, 610, 343, 335, 190, 593, 190, 159, 343, 190, 190, 183, 156, 343, 343, 200, 354, 195, 343, 343, 188, 290, 326, 183, 343, 192, 190, 343, 343, 190, 195]}
{"fitness": [94.02326625757942, 12.790513847158579, 29.976552407038966, 94.02326625757942, 57.16226955283406, 57.16226955283406, 57.16226955283406, 61.69224472101786, 56.964518567475245, 66.17695410451698, 57.16226955283406, 57.73214184093667, 57.33011907701948, 57.16226955283406, 57.16226955283406, 57.16226955283406, 57.16226955283406, 66.70669517527551, 57.17695410451698, 66.16226955283406, 21.752975927839515, 30.60183729848225, 21.752975927839515, 57.22544845445559, 57.16226955283406, 57.16226955283406, 57.21003982910275, 30.25699681219052, 57.16226955283406, 29.385274399796238, 57.15356122494227, 21.213102618633293, 57.16226955283406, 57.16226955283406, 56.614805601002274, 57.16226955283406, 57.16226955283406, 57.16226955283406, 21.752975927839515, 12.790513847158579, 57.16226955283406, 57.16226955283406, 39.17399989261955, 57.16226955283406, 57.22544845445559, 57.22544845445559, 56.964518567475245, 57.16226955283406, 48.16226955283406, 57.159358342626604, 30.752975927839515, 12.790513847158579, 21.752975927839515, 57.16226955283406, 48.752975927839515, 39.17399989261955, 57.16226955283406, 3.752975927839514, 57.73214184093667, 57.17695410451698, 57.19486503108351, 57.16226955283406, 21.752975927839515, 3.130703086866226, 3.752975927839514, 12.790513847158579, 57.16226955283406, 57.22544845445559, 57.19486503108351, 21.752975927839515, 57.11389596854984, 61.69224472101786, 21.752975927839515, 21.752975927839515, 12.790513847158579, 57.16226955283406, 66.17695410451698, 57.159358342626604, 57.03899466037673, 57.73214184093667, 21.752975927839515, 3.752975927839514, 66.16226955283406, 57.33011907701948, 21.752975927839515, 21.752975927839515, 57.16226955283406, 57.22544845445559, 57.16226955283406, 57.21310261863329, 21.801502968734173, 66.16226955283406, 39.15645558296864, 21.752975927839515, 3.752975927839514, 57.16226955283406, 57.16226955283406, 57.16226955283406, 56.58654104283264, 57.286267194490634], "player_life": [90, 0, 0, 0, 0, 0, 0, 56, 0, 0, 0, 0, 0, 0, 0, 0, 0, 0, 0, 0, 0, 0, 0, 0, 0, 0, 0, 0, 0, 0, 0, 0, 0, 0, 0, 0, 0, 0, 0, 0, 0, 0, 0, 0, 0, 0, 0, 0, 0, 0, 0, 0, 0, 0, 0, 0, 0, 0, 0, 0, 0, 0, 0, 0, 0, 0, 0, 0, 0, 0, 0, 0, 0, 0, 0, 0, 0, 0, 0, 0, 0, 0, 0, 0, 0, 0, 0, 0, 0, 0, 0, 0, 0, 0, 0, 0, 0, 0, 0, 0], "enemy_life": [0, 80.0, 100, 100, 70.0, 100, 30.0, 30.0, 30.0, 70.0, 70.0, 70.0, 30.0, 90.0, 30.0, 30.0, 30.0, 20.0, 30.0, 20.0, 30.0, 60.0, 70.0, 30.0, 100, 80.0, 90.0, 70.0, 30.0, 30.0, 30.0, 90.0, 70.0, 30.0, 30.0, 100, 100, 30.0, 70.0, 100, 100, 100, 50.0, 30.0, 90.0, 30.0, 90.0, 30.0, 100, 30.0, 60.0, 100, 100, 30.0, 30.0, 80.0, 70.0, 80.0, 70.0, 10.0, 30.0, 30.0, 30.0, 90.0, 90.0, 80.0, 30.0, 30.0, 100, 70.0, 70.0, 70.0, 70.0, 100, 80.0, 30.0, 20.0, 100, 30.0, 30.0, 100, 90.0, 100, 100, 70.0, 70.0, 30.0, 30.0, 90.0, 80.0, 70.0, 20.0, 50.0, 60.0, 80.0, 30.0, 100, 30.0, 30.0, 100], "game_time": [145, 183, 195, 336, 190, 183, 343, 1000, 418, 221, 200, 190, 290, 354, 343, 343, 343, 199, 338, 343, 309, 221, 190, 343, 195, 156, 190, 190, 343, 343, 346, 113, 190, 343, 593, 333, 194, 343, 190, 195, 195, 343, 339, 343, 137, 322, 335, 343, 195, 344, 190, 183, 343, 343, 343, 191, 190, 183, 190, 304, 332, 343, 343, 354, 190, 183, 343, 322, 195, 190, 323, 190, 190, 195, 183, 343, 338, 810, 388, 194, 343, 190, 195, 192, 190, 190, 343, 322, 190, 183, 181, 343, 345, 192, 183, 343, 221, 343, 610, 195]}
{"fitness": [94.02326625757942, 57.16226955283406, 57.16226955283406, 21.716796271262012, 57.15356122494227, 21.752975927839515, 57.22544845445559, 56.964518567475245, 56.68645195372291, 57.19486503108351, 66.70669517527551, 57.16226955283406, 57.16226955283406, 57.16226955283406, 57.11389596854984, 57.22544845445559, 66.16226955283406, 48.16226955283406, 57.16226955283406, 48.752975927839515, 57.16226955283406, 57.22544845445559, 57.16226955283406, 57.16226955283406, 48.752975927839515, 57.73214184093667, 61.69224472101786, 21.752975927839515, 66.16226955283406, 66.17695410451698, 61.69224472101786, 21.752975927839515, 57.73214184093667, 39.17399989261955, 39.15645558296864, 57.33011907701948, 21.752975927839515, 94.02326625757942, 57.16226955283406, 57.16226955283406, 57.17695410451698, 57.16226955283406, 57.21003982910275, 30.60183729848225, 57.16226955283406, 57.27641489804762, 57.16226955283406, 57.16226955283406, 57.16226955283406, 3.752975927839514, 57.19486503108351, 57.16226955283406, 57.17695410451698, 57.03899466037673, 57.16226955283406, 21.752975927839515, 57.16226955283406, 48.752975927839515, 21.60183729848225, 57.73214184093667, 56.614805601002274, 57.33011907701948, 57.16226955283406, 21.752975927839515, 57.16226955283406, 57.16226955283406, 57.16226955283406, 57.22544845445559, 57.159358342626604, 57.16226955283406, 21.752975927839515, 57.21310261863329, 57.16226955283406, 21.752975927839515, 12.779644174921675, 57.16226955283406, 57.16226955283406, 66.17695410451698, 57.16226955283406, 3.752975927839514, 57.27641489804762, 3.752975927839514, 12.790513847158579, 21.752975927839515, 12.790513847158579, 21.716796271262012, 21.752975927839515, 57.16226955283406, 57.159358342626604, 66.16226955283406, 56.58654104283264, 57.16226955283406, 21.752975927839515, 3.752975927839514, 29.976552407038966, 57.16226955283406, 12.790513847158579, 3.130703086866226, 57.286267194490634, 12.779644174921675], "player_life": [90, 0, 0, 0, 0, 0, 0, 0, 0, 0, 0, 0, 0, 0, 0, 0, 0, 0, 0, 0, 0, 0, 0, 0, 0, 0, 0, 0, 0, 0, 56, 0, 0, 0, 0, 0, 0, 0, 0, 0, 0, 0, 0, 0, 0, 0, 0, 0, 0, 0, 0, 0, 0, 0, 0, 0, 0, 0, 0, 0, 0, 0, 0, 0, 0, 0, 0, 0, 0, 0, 0, 0, 0, 0, 0, 0, 0, 0, 0, 0, 0, 0, 0, 0, 0, 0, 0, 0, 0, 0, 0, 0, 0, 0, 0, 0, 0, 0, 0, 0], "enemy_life": [0, 30.0, 30.0, 70.0, 30.0, 70.0, 90.0, 90.0, 30.0, 100, 20.0, 30.0, 100, 30.0, 70.0, 30.0, 20.0, 100, 30.0, 30.0, 90.0, 30.0, 80.0, 70.0, 40.0, 70.0, 70.0, 100, 20.0, 70.0, 30.0, 100, 30.0, 80.0, 50.0, 100, 70.0, 100, 100, 30.0, 10.0, 70.0, 90.0, 60.0, 30.0, 30.0, 100, 30.0, 70.0, 90.0, 30.0, 30.0, 30.0, 30.0, 100, 100, 30.0, 30.0, 70.0, 70.0, 30.0, 30.0, 30.0, 70.0, 90.0, 30.0, 30.0, 30.0, 30.0, 30.0, 70.0, 80.0, 30.0, 30.0, 80.0, 100, 30.0, 20.0, 30.0, 80.0, 100, 90.0, 80.0, 100, 80.0, 80.0, 70.0, 70.0, 100, 100, 30.0, 100, 100, 80.0, 100, 100, 100, 90.0, 100, 90.0], "game_time": [145, 343, 343, 197, 346, 190, 137, 335, 552, 195, 199, 343, 221, 343, 323, 322, 343, 195, 343, 343, 354, 343, 156, 190, 190, 190, 190, 343, 343, 221, 1000, 343, 194, 191, 345, 192, 190, 336, 333, 343, 304, 190, 190, 221, 343, 306, 183, 343, 190, 190, 332, 343, 338, 388, 194, 195, 343, 343, 221, 190, 593, 290, 343, 190, 190, 343, 343, 322, 344, 343, 190, 183, 343, 309, 185, 343, 343, 338, 343, 183, 343, 190, 183, 183, 183, 181, 190, 190, 810, 195, 610, 195, 191, 183, 195, 195, 195, 354, 195, 190]}
{"fitness": [94.02326625757942, 21.752975927839515, 57.15356122494227, 57.16226955283406, 57.16226955283406, 57.11389596854984, 57.16226955283406, 57.241098226122716, 57.241098226122716, 57.23167900420623, 61.69224472101786, 66.17695410451698, 48.752975927839515, 57.03899466037673, 12.790513847158579, 57.17695410451698, 61.69224472101786, 21.752975927839515, 57.22544845445559, 57.19486503108351, 57.27641489804762, 57.16226955283406, 66.16226955283406, 57.22544845445559, 57.16226955283406, 38.66140592179681, 57.16226955283406, 57.22544845445559, 57.17695410451698, 66.70669517527551, 57.159358342626604, 57.16226955283406, 12.790513847158579, 57.16226955283406, 57.16226955283406, 57.16226955283406, 48.16226955283406, 57.16226955283406, 12.790513847158579, 21.752975927839515, 57.16226955283406, 66.16226955283406, 48.752975927839515, 29.976552407038966, 57.16226955283406, 57.16226955283406, 39.15645558296864, 57.27641489804762, 57.16226955283406, 57.16226955283406, 57.33011907701948, 56.58654104283264, 57.16226955283406, 21.752975927839515, 57.19486503108351, 94.02326625757942, 57.16226955283406, 12.790513847158579, 66.17695410451698, 57.16226955283406, 57.16226955283406, 12.790513847158579, 57.16226955283406, 57.73214184093667, 56.964518567475245, 57.16226955283406, 21.752975927839515, 39.17399989261955, 57.16226955283406, 21.752975927839515, 56.68645195372291, 66.16226955283406, 12.779644174921675, 12.296217525343799, 57.16226955283406, 3.752975927839514, 21.752975927839515, 21.716796271262012, 21.752975927839515, 57.16226955283406, 57.16226955283406, 21.752975927839515, 57.16226955283406, 57.286267194490634, 57.16226955283406, 48.752975927839515, 12.790513847158579, 21.752975927839515, 57.16226955283406, 56.614805601002274, 57.16226955283406, 57.21310261863329, 57.16226955283406, 57.16226955283406, 3.752975927839514, 57.73214184093667, 57.23167900420623, 3.752975927839514, 21.752975927839515, 21.752975927839515], "player_life": [90, 0, 0, 0, 0, 0, 0, 0, 0, 0, 56, 0, 0, 0, 0, 0, 0, 0, 0, 0, 0, 0, 0, 0, 0, 0, 0, 0, 0, 0, 0, 0, 0, 0, 0, 0, 0, 0, 0, 0, 0, 0, 0, 0, 0, 0, 0, 0, 0, 0, 0, 0, 0, 0, 0, 0, 0, 0, 0, 0, 0, 0, 0, 0, 0, 0, 0, 0, 0, 0, 0, 0, 0, 0, 0, 0, 0, 0, 0, 0, 0, 0, 0, 0, 0, 0, 0, 0, 0, 0, 0, 0, 0, 0, 0, 0, 0, 0, 0, 0], "enemy_life": [0, 70.0, 30.0, 100, 90.0, 70.0, 30.0, 100, 30.0, 100, 30.0, 20.0, 30.0, 30.0, 70.0, 10.0, 70.0, 100, 90.0, 30.0, 30.0, 30.0, 20.0, 30.0, 30.0, 50.0, 30.0, 30.0, 30.0, 20.0, 100, 30.0, 80.0, 30.0, 70.0, 80.0, 100, 90.0, 80.0, 70.0, 100, 20.0, 40.0, 100, 30.0, 100, 50.0, 100, 30.0, 30.0, 100, 30.0, 70.0, 70.0, 100, 100, 100, 100, 70.0, 100, 30.0, 80.0, 100, 30.0, 90.0, 80.0, 100, 80.0, 30.0, 100, 30.0, 100, 80.0, 80.0, 30.0, 80.0, 70.0, 70.0, 70.0, 30.0, 30.0, 30.0, 30.0, 100, 30.0, 30.0, 80.0, 70.0, 100, 30.0, 70.0, 80.0, 30.0, 30.0, 90.0, 70.0, 30.0, 90.0, 100, 30.0], "game_time": [145, 190, 346, 195, 354, 323, 343, 195, 317, 195, 1000, 338, 343, 388, 552, 304, 190, 191, 137, 332, 306, 343, 343, 343, 343, 566, 343, 322, 338, 199, 810, 343, 183, 343, 190, 156, 195, 190, 183, 190, 343, 343, 190, 195, 343, 194, 345, 343, 343, 343, 192, 610, 190, 190, 195, 336, 183, 195, 221, 195, 343, 183, 191, 194, 335, 195, 183, 191, 343, 343, 552, 195, 185, 183, 343, 183, 190, 197, 190, 343, 343, 309, 343, 195, 343, 343, 183, 190, 333, 593, 190, 183, 343, 343, 190, 190, 320, 354, 195, 326]}
{"fitness": [94.02326625757942, 57.33011907701948, 57.16226955283406, 48.752975927839515, 21.716796271262012, 66.16226955283406, 38.66140592179681, 61.69224472101786, 56.58654104283264, 57.16226955283406, 57.16226955283406, 21.752975927839515, 57.19486503108351, 57.16226955283406, 57.16226955283406, 57.16226955283406, 57.159358342626604, 21.752975927839515, 12.790513847158579, 57.11389596854984, 57.16226955283406, 57.16226955283406, 57.241098226122716, 57.15356122494227, 57.16226955283406, 57.16226955283406, 57.16226955283406, 48.752975927839515, 57.19788162462294, 57.16226955283406, 57.16226955283406, 39.29288973525112, 57.286267194490634, 57.73214184093667, 57.16226955283406, 21.752975927839515, 12.790513847158579, 57.16226955283406, 66.16226955283406, 48.752975927839515, 57.16226955283406, 57.16226955283406, 56.614805601002274, 21.752975927839515, 21.752975927839515, 57.19788162462294, 57.22544845445559, 66.70669517527551, 57.27641489804762, 57.16226955283406, 57.16226955283406, 57.23167900420623, 57.19486503108351, 94.02326625757942, 57.16226955283406, 57.16226955283406, 57.21310261863329, 57.16226955283406, 66.17695410451698, 57.16226955283406, 57.22544845445559, 61.69224472101786, 21.752975927839515, 56.964518567475245, 56.68645195372291, 57.22544845445559, 39.17399989261955, 57.17695410451698, 57.03899466037673, 21.752975927839515, 57.16226955283406, 29.976552407038966, 57.16226955283406, 57.16226955283406, 57.16226955283406, 57.16226955283406, 12.790513847158579, 57.16226955283406, 21.752975927839515, 57.73214184093667, 12.790513847158579, 30.31642023266132, 3.2223476767773436, 66.17695410451698, 57.23167900420623, 57.16226955283406, 57.16226955283406, 39.15645558296864, 21.752975927839515, 57.19486503108351, 57.19486503108351, 57.17695410451698, 57.16226955283406, 21.752975927839515, 21.752975927839515, 21.752975927839515, 30.31642023266132, 57.16226955283406, 57.241098226122716, 21.752975927839515], "player_life": [90, 0, 0, 0, 0, 0, 0, 0, 0, 0, 0, 0, 0, 0, 0, 0, 0, 0, 0, 0, 0, 0, 0, 0, 0, 0, 0, 0, 0, 0, 0, 0, 0, 0, 0, 0, 0, 0, 0, 0, 0, 0, 0, 0, 0, 0, 0, 0, 0, 0, 0, 0, 0, 0, 0, 0, 0, 0, 0, 0, 0, 56, 0, 0, 0, 0, 0, 0, 0, 0, 0, 0, 0, 0, 0, 0, 0, 0, 0, 0, 0, 0, 0, 0, 0, 0, 0, 0, 0, 0, 0, 0, 0, 0, 0, 0, 0, 0, 0, 0], "enemy_life": [0, 100, 30.0, 30.0, 70.0, 20.0, 50.0, 70.0, 30.0, 30.0, 80.0, 70.0, 100, 30.0, 30.0, 70.0, 100, 70.0, 100, 70.0, 30.0, 100, 30.0, 30.0, 30.0, 30.0, 100, 40.0, 100, 100, 30.0, 100, 100, 70.0, 100, 100, 80.0, 30.0, 20.0, 30.0, 30.0, 30.0, 30.0, 70.0, 70.0, 30.0, 30.0, 20.0, 30.0, 70.0, 30.0, 100, 30.0, 100, 30.0, 100, 80.0, 30.0, 20.0, 70.0, 30.0, 30.0, 70.0, 90.0, 30.0, 90.0, 80.0, 10.0, 30.0, 30.0, 30.0, 100, 30.0, 100, 100, 90.0, 80.0, 30.0, 100, 30.0, 80.0, 60.0, 100, 70.0, 30.0, 30.0, 30.0, 50.0, 70.0, 100, 30.0, 30.0, 90.0, 70.0, 100, 70.0, 70.0, 100, 100, 70.0], "game_time": [145, 192, 343, 343, 197, 343, 566, 190, 610, 343, 195, 190, 195, 343, 343, 190, 810, 190, 191, 323, 343, 194, 317, 346, 343, 343, 183, 190, 195, 333, 343, 191, 195, 190, 343, 343, 183, 343, 343, 343, 343, 343, 593, 190, 190, 331, 343, 199, 306, 190, 343, 195, 332, 336, 343, 191, 183, 343, 338, 190, 322, 1000, 190, 335, 552, 137, 191, 304, 388, 309, 343, 195, 343, 195, 343, 354, 183, 343, 183, 194, 183, 294, 195, 221, 320, 343, 343, 345, 190, 195, 332, 338, 190, 190, 343, 190, 190, 195, 195, 190]}
{"fitness": [94.02326625757942, 94.02326625757942, 21.752975927839515, 57.16226955283406, 57.16226955283406, 57.19788162462294, 66.70669517527551, 57.282972298593776, 57.16226955283406, 57.16226955283406, 21.752975927839515, 57.16226955283406, 39.17399989261955, 57.19486503108351, 57.16226955283406, 66.17695410451698, 57.73214184093667, 57.23167900420623, 57.16226955283406, 21.752975927839515, 57.73214184093667, 57.16226955283406, 57.282972298593776, 38.66140592179681, 57.16226955283406, 57.17695410451698, 57.16226955283406, 57.16226955283406, 57.16226955283406, 57.20090734553948, 57.16226955283406, 66.16226955283406, 57.16226955283406, 48.601837298482245, 48.752975927839515, 66.17695410451698, 57.20090734553948, 56.614805601002274, 66.16226955283406, 57.03899466037673, 57.19486503108351, 57.16226955283406, 57.16226955283406, 57.22544845445559, 21.752975927839515, 57.17695410451698, 57.16226955283406, 66.16226955283406, 57.23167900420623, 57.241098226122716, 21.752975927839515, 56.68645195372291, 3.752975927839514, 57.159358342626604, 57.16226955283406, 57.11389596854984, 48.601837298482245, 57.22544845445559, 21.752975927839515, 21.752975927839515, 57.16226955283406, 57.16226955283406, 66.16226955283406, 57.16226955283406, 56.964518567475245, 57.19486503108351, 57.73214184093667, 3.2100398291027465, 30.73214184093667, 57.33011907701948, 57.16226955283406, 21.752975927839515, 39.29288973525112, 57.16226955283406, 57.19486503108351, 57.16226955283406, 57.21310261863329, 48.752975927839515, 39.15645558296864, 21.752975927839515, 21.752975927839515, 57.22544845445559, 61.69224472101786, 56.58654104283264, 57.27641489804762, 57.73214184093667, 21.752975927839515, 57.16226955283406, 12.790513847158579, 57.16226955283406, 30.17105438238979, 12.790513847158579, 57.16226955283406, 21.752975927839515, 57.16226955283406, 48.752975927839515, 57.16226955283406, 21.752975927839515, 57.16226955283406, 57.16226955283406], "player_life": [90, 0, 0, 0, 0, 0, 0, 0, 0, 0, 0, 0, 0, 0, 0, 0, 0, 0, 0, 0, 0, 0, 0, 0, 0, 0, 0, 0, 0, 0, 0, 0, 0, 0, 0, 0, 0, 0, 0, 0, 0, 0, 0, 0, 0, 0, 0, 0, 0, 0, 0, 0, 0, 0, 0, 0, 0, 0, 0, 0, 0, 0, 0, 0, 0, 0, 0, 0, 0, 0, 0, 0, 0, 0, 0, 0, 0, 0, 0, 0, 0, 0, 0, 0, 0, 0, 0, 0, 0, 0, 0, 0, 0, 0, 0, 0, 0, 0, 0, 0], "enemy_life": [0, 100, 100, 30.0, 70.0, 30.0, 20.0, 90.0, 30.0, 30.0, 70.0, 30.0, 80.0, 30.0, 90.0, 70.0, 30.0, 30.0, 90.0, 100, 70.0, 100, 30.0, 50.0, 100, 30.0, 100, 80.0, 30.0, 30.0, 30.0, 20.0, 70.0, 40.0, 40.0, 20.0, 80.0, 30.0, 20.0, 30.0, 30.0, 80.0, 70.0, 90.0, 70.0, 10.0, 100, 20.0, 100, 30.0, 70.0, 30.0, 100, 100, 30.0, 70.0, 80.0, 30.0, 70.0, 70.0, 30.0, 30.0, 100, 100, 90.0, 100, 100, 90.0, 100, 100, 30.0, 30.0, 100, 30.0, 100, 30.0, 80.0, 30.0, 50.0, 70.0, 70.0, 30.0, 70.0, 30.0, 30.0, 70.0, 70.0, 100, 100, 100, 60.0, 80.0, 30.0, 70.0, 30.0, 30.0, 30.0, 100, 30.0, 30.0], "game_time": [145, 336, 200, 343, 190, 331, 199, 158, 343, 343, 190, 343, 191, 332, 190, 221, 194, 320, 354, 195, 190, 333, 304, 566, 191, 338, 194, 195, 343, 330, 343, 343, 190, 221, 190, 338, 195, 593, 343, 388, 332, 183, 190, 137, 194, 304, 183, 343, 195, 317, 190, 552, 195, 810, 343, 323, 183, 322, 190, 190, 343, 343, 195, 195, 335, 195, 221, 327, 343, 192, 343, 309, 191, 343, 195, 343, 183, 343, 345, 190, 190, 343, 190, 610, 306, 190, 190, 195, 191, 343, 340, 183, 343, 190, 343, 343, 343, 343, 343, 343]}
{"fitness": [94.02326625757942, 57.27641489804762, 57.16226955283406, 21.752975927839515, 39.15645558296864, 57.16226955283406, 48.601837298482245, 57.16226955283406, 56.964518567475245, 48.752975927839515, 3.130703086866226, 57.16226955283406, 12.790513847158579, 57.16226955283406, 57.159358342626604, 66.70669517527551, 48.752975927839515, 57.16226955283406, 57.16226955283406, 39.29288973525112, 57.17695410451698, 21.752975927839515, 12.790513847158579, 57.23167900420623, 66.16226955283406, 57.16226955283406, 66.16226955283406, 57.16226955283406, 57.241098226122716, 57.22544845445559, 57.147797520225524, 57.16226955283406, 57.16226955283406, 57.33011907701948, 48.601837298482245, 57.16226955283406, 21.752975927839515, 57.282972298593776, 56.58654104283264, 57.16226955283406, 57.16226955283406, 57.16226955283406, 57.17695410451698, 57.16226955283406, 38.66140592179681, 57.03899466037673, 57.73214184093667, 57.16226955283406, 57.22544845445559, 57.19486503108351, 57.21310261863329, 66.17695410451698, 12.779644174921675, 61.69224472101786, 57.73214184093667, 57.20090734553948, 57.19486503108351, 12.790513847158579, 56.68645195372291, 12.774253326286798, 57.16226955283406, 56.614805601002274, 57.16226955283406, 57.16226955283406, 21.752975927839515, 21.752975927839515, 57.19486503108351, 12.727000441436253, 66.16226955283406, 57.16226955283406, 66.16226955283406, 21.752975927839515, 57.16226955283406, 57.11389596854984, 57.73214184093667, 57.16226955283406, 57.16226955283406, 21.752975927839515, 3.130703086866226, 57.16226955283406, 12.801502968734173, 57.16226955283406, 57.16226955283406, 94.02326625757942, 21.752975927839515, 57.16226955283406, 57.16226955283406, 21.752975927839515, 21.752975927839515, 57.16226955283406, 21.752975927839515, 57.16226955283406, 57.16226955283406, 39.17399989261955, 57.73214184093667, 12.790513847158579, 3.3029065134945954, 48.752975927839515, 30.73214184093667, 57.19486503108351], "player_life": [90, 0, 0, 0, 0, 0, 0, 0, 0, 0, 0, 0, 0, 0, 0, 0, 0, 0, 0, 0, 0, 0, 0, 0, 0, 0, 0, 0, 0, 0, 0, 0, 0, 0, 0, 0, 0, 0, 0, 0, 0, 0, 0, 0, 0, 0, 0, 0, 0, 0, 0, 0, 0, 0, 0, 0, 0, 0, 0, 0, 0, 0, 0, 0, 0, 0, 0, 0, 0, 0, 0, 0, 0, 0, 0, 0, 0, 0, 0, 0, 0, 0, 0, 0, 0, 0, 0, 0, 0, 0, 0, 0, 0, 0, 0, 0, 0, 0, 0, 0], "enemy_life": [0, 30.0, 30.0, 70.0, 50.0, 90.0, 80.0, 70.0, 90.0, 30.0, 90.0, 90.0, 80.0, 30.0, 100, 20.0, 30.0, 30.0, 70.0, 100, 10.0, 70.0, 80.0, 100, 20.0, 30.0, 20.0, 100, 30.0, 30.0, 100, 30.0, 100, 100, 40.0, 30.0, 100, 30.0, 30.0, 30.0, 30.0, 30.0, 30.0, 90.0, 50.0, 30.0, 30.0, 30.0, 30.0, 100, 80.0, 20.0, 100, 70.0, 100, 80.0, 100, 80.0, 30.0, 80.0, 100, 30.0, 100, 100, 70.0, 80.0, 30.0, 80.0, 20.0, 80.0, 100, 70.0, 100, 70.0, 70.0, 70.0, 30.0, 100, 80.0, 30.0, 100, 100, 30.0, 100, 70.0, 30.0, 100, 70.0, 70.0, 30.0, 70.0, 30.0, 30.0, 80.0, 70.0, 80.0, 70.0, 40.0, 100, 30.0], "game_time": [145, 306, 343, 190, 345, 354, 183, 190, 335, 343, 354, 190, 183, 343, 810, 199, 343, 343, 190, 191, 304, 190, 183, 195, 343, 343, 343, 190, 317, 343, 343, 361, 333, 192, 221, 343, 304, 304, 610, 343, 343, 343, 338, 354, 566, 388, 194, 343, 322, 195, 183, 338, 571, 190, 221, 195, 195, 183, 552, 186, 194, 593, 195, 323, 190, 183, 332, 195, 343, 183, 195, 194, 195, 323, 190, 190, 343, 195, 183, 343, 195, 191, 343, 336, 190, 343, 183, 190, 190, 343, 190, 343, 343, 191, 190, 183, 190, 190, 343, 332]}
{"fitness": [94.02326625757942, 57.16226955283406, 57.16226955283406, 39.752975927839515, 21.752975927839515, 57.147797520225524, 12.727000441436253, 94.02326625757942, 11.824132729894238, 57.16226955283406, 66.16226955283406, 57.16226955283406, 56.614805601002274, 12.790513847158579, 39.29288973525112, 56.964518567475245, 57.16226955283406, 57.16226955283406, 57.21310261863329, 57.16226955283406, 56.614805601002274, 57.16226955283406, 61.69224472101786, 21.752975927839515, 57.16226955283406, 66.16226955283406, 21.752975927839515, 57.22544845445559, 21.752975927839515, 57.16226955283406, 57.22544845445559, 57.11389596854984, 57.19486503108351, 57.16226955283406, 48.601837298482245, 29.66849815010631, 57.73214184093667, 57.241098226122716, 38.66140592179681, 57.16226955283406, 57.16226955283406, 57.16226955283406, 57.16226955283406, 39.17399989261955, 21.752975927839515, 21.752975927839515, 57.17695410451698, 57.73214184093667, 56.58654104283264, 21.752975927839515, 57.16226955283406, 57.27641489804762, 12.790513847158579, 57.16226955283406, 12.790513847158579, 66.17695410451698, 21.752975927839515, 3.752975927839514, 12.801502968734173, 21.752975927839515, 57.282972298593776, 57.16226955283406, 56.68645195372291, 57.17695410451698, 57.23167900420623, 57.20090734553948, 57.16226955283406, 12.790513847158579, 12.790513847158579, 3.191857510019556, 39.15645558296864, 56.614805601002274, 21.747726571953372, 57.73214184093667, 21.752975927839515, 21.752975927839515, 57.159358342626604, 57.16226955283406, 57.16226955283406, 57.16226955283406, 30.73214184093667, 66.16226955283406, 48.752975927839515, 48.752975927839515, 57.16226955283406, 21.752975927839515, 57.73214184093667, 39.752975927839515, 21.752975927839515, 57.16226955283406, 57.16226955283406, 57.16226955283406, 57.19486503108351, 57.16226955283406, 57.19486503108351, 57.16226955283406, 57.16226955283406, 57.16226955283406, 48.752975927839515, 57.16226955283406], "player_life": [90, 0, 0, 0, 0, 0, 0, 0, 0, 0, 0, 0, 0, 0, 0, 0, 0, 0, 0, 0, 0, 0, 0, 0, 0, 0, 0, 0, 0, 0, 0, 0, 0, 0, 0, 0, 0, 0, 0, 0, 0, 0, 0, 0, 0, 0, 0, 0, 0, 0, 0, 0, 0, 0, 0, 0, 0, 0, 0, 0, 0, 0, 0, 0, 0, 0, 0, 0, 0, 0, 0, 0, 0, 0, 0, 0, 0, 0, 0, 0, 0, 0, 0, 0, 0, 0, 0, 0, 0, 0, 0, 0, 0, 0, 0, 0, 0, 0, 0, 0], "enemy_life": [0, 80.0, 30.0, 50.0, 90.0, 100, 80.0, 100, 80.0, 30.0, 100, 30.0, 30.0, 80.0, 100, 90.0, 30.0, 30.0, 80.0, 70.0, 80.0, 100, 70.0, 70.0, 30.0, 20.0, 70.0, 30.0, 80.0, 30.0, 30.0, 70.0, 100, 100, 80.0, 100, 100, 30.0, 50.0, 90.0, 70.0, 30.0, 30.0, 80.0, 70.0, 70.0, 30.0, 30.0, 30.0, 100, 30.0, 30.0, 100, 30.0, 80.0, 20.0, 70.0, 90.0, 100, 100, 30.0, 30.0, 30.0, 10.0, 100, 80.0, 30.0, 80.0, 100, 90.0, 50.0, 30.0, 100, 70.0, 70.0, 100, 100, 30.0, 100, 70.0, 100, 20.0, 30.0, 40.0, 90.0, 70.0, 70.0, 100, 70.0, 30.0, 100, 100, 30.0, 100, 100, 30.0, 100, 30.0, 30.0, 90.0], "game_time": [145, 183, 343, 190, 183, 343, 195, 336, 481, 343, 195, 343, 593, 183, 191, 335, 343, 361, 183, 190, 183, 190, 190, 190, 343, 343, 190, 322, 183, 343, 343, 323, 195, 194, 183, 304, 221, 317, 566, 354, 190, 343, 343, 191, 190, 190, 338, 194, 610, 323, 343, 306, 221, 343, 183, 338, 190, 190, 195, 195, 304, 343, 552, 304, 195, 195, 343, 183, 195, 354, 345, 593, 323, 190, 190, 191, 810, 343, 195, 190, 343, 343, 343, 190, 190, 190, 190, 572, 190, 343, 323, 195, 332, 183, 195, 343, 333, 343, 343, 354]}
{"fitness": [94.02326625757942, 56.964518567475245, 57.16226955283406, 57.22544845445559, 57.16226955283406, 21.752975927839515, 56.614805601002274, 57.19486503108351, 57.16226955283406, 57.22544845445559, 21.752975927839515, 56.58654104283264, 57.16226955283406, 30.73214184093667, 57.241098226122716, 21.752975927839515, 57.16226955283406, 57.16226955283406, 56.614805601002274, 21.701682633451963, 57.16226955283406, 94.02326625757942, 57.19486503108351, 57.16226955283406, 3.752975927839514, 57.16226955283406, 57.23167900420623, 61.69224472101786, 57.20090734553948, 57.73214184093667, 57.21310261863329, 57.16226955283406, 21.747726571953372, 48.752975927839515, 57.16226955283406, 3.752975927839514, 66.16226955283406, 48.752975927839515, 39.752975927839515, 39.29288973525112, 57.159358342626604, 57.11389596854984, 12.727000441436253, 57.16226955283406, 57.16226955283406, 57.16226955283406, 57.16226955283406, 57.16226955283406, 39.15645558296864, 57.16226955283406, 57.19486503108351, 57.73214184093667, 21.752975927839515, 66.16226955283406, 57.16226955283406, 56.68645195372291, 56.614805601002274, 21.752975927839515, 48.601837298482245, 39.17399989261955, 21.752975927839515, 21.330119077019482, 57.16226955283406, 21.330119077019482, 12.790513847158579, 57.16226955283406, 66.16226955283406, 57.16226955283406, 3.206986391615856, 3.206986391615856, 21.752975927839515, 48.752975927839515, 11.638697522427005, 12.801502968734173, 57.16226955283406, 21.752975927839515, 12.790513847158579, 57.16226955283406, 57.27641489804762, 11.638697522427005, 21.752975927839515, 57.147797520225524, 12.801502968734173, 3.818216449707915, 39.752975927839515, 57.16226955283406, 57.17695410451698, 22.03715536974009, 3.9310957977797685, 57.16226955283406, 57.16226955283406, 57.73214184093667, 57.16226955283406, 66.17695410451698, 21.752975927839515, 57.16226955283406, 57.16226955283406, 12.790513847158579, 57.282972298593776, 38.66140592179681], "player_life": [90, 0, 0, 0, 0, 0, 0, 0, 0, 0, 0, 0, 0, 0, 0, 0, 0, 0, 0, 0, 0, 0, 0, 0, 0, 0, 0, 0, 0, 0, 0, 0, 0, 0, 0, 0, 0, 0, 0, 0, 0, 0, 0, 0, 0, 0, 0, 0, 0, 0, 0, 0, 0, 0, 0, 0, 0, 0, 0, 0, 0, 0, 0, 0, 0, 0, 0, 0, 0, 0, 0, 0, 0, 0, 0, 0, 0, 0, 0, 0, 0, 0, 0, 0, 0, 0, 0, 0, 0, 0, 0, 0, 0, 0, 0, 0, 0, 0, 0, 0], "enemy_life": [0, 90.0, 30.0, 30.0, 30.0, 90.0, 30.0, 100, 30.0, 30.0, 70.0, 30.0, 30.0, 100, 30.0, 70.0, 100, 100, 80.0, 70.0, 30.0, 100, 30.0, 70.0, 80.0, 30.0, 100, 70.0, 80.0, 70.0, 80.0, 100, 100, 40.0, 30.0, 100, 100, 30.0, 100, 100, 100, 70.0, 80.0, 30.0, 90.0, 80.0, 100, 90.0, 50.0, 70.0, 100, 100, 70.0, 20.0, 30.0, 30.0, 30.0, 80.0, 80.0, 80.0, 30.0, 70.0, 30.0, 100, 80.0, 30.0, 20.0, 30.0, 100, 90.0, 90.0, 30.0, 70.0, 100, 90.0, 70.0, 70.0, 30.0, 30.0, 80.0, 100, 100, 80.0, 90.0, 50.0, 30.0, 10.0, 100, 80.0, 30.0, 30.0, 70.0, 70.0, 20.0, 70.0, 100, 30.0, 80.0, 30.0, 50.0], "game_time": [145, 335, 343, 343, 332, 354, 593, 195, 343, 322, 190, 610, 343, 343, 317, 190, 190, 195, 183, 200, 343, 336, 332, 190, 192, 343, 195, 190, 195, 190, 183, 183, 323, 190, 343, 601, 195, 343, 572, 191, 810, 323, 195, 343, 190, 183, 323, 354, 345, 190, 195, 221, 190, 343, 343, 552, 593, 183, 183, 191, 343, 290, 343, 343, 183, 343, 343, 343, 195, 328, 183, 343, 190, 195, 190, 190, 190, 343, 306, 579, 195, 343, 181, 354, 190, 343, 304, 343, 182, 361, 343, 190, 190, 338, 190, 195, 343, 183, 304, 566]}
